stamp,key_id,long_dis,long_vel,lat_dis,lat_vel,left_line_dis,right_line_dis,ttc,Key_left_line_dis,Key_right_line_dis,CIPV_Speed
1594626764644,c135bb05-0bd7-4660-80c4-5ec4cbd8b41e,18.94,0.000667572,8.481165E-06,0,1.975,1.675,28371.47,2.025,1.725,8.332211
1594626764669,c135bb05-0bd7-4660-80c4-5ec4cbd8b41e,18.93978,0.007910728,8.481069E-06,0,1.975,1.675,2394.189,2.025,1.725,8.320414
1594626764692,c135bb05-0bd7-4660-80c4-5ec4cbd8b41e,18.93936,0.0110178,8.482745E-06,0,1.975,1.675,1718.978,2.025,1.725,8.308066
1594626764716,c135bb05-0bd7-4660-80c4-5ec4cbd8b41e,18.93887,0.01207638,8.482531E-06,0,1.975,1.675,1568.258,2.025,1.725,8.294314
1594626764739,c135bb05-0bd7-4660-80c4-5ec4cbd8b41e,18.93836,0.01350212,8.482302E-06,0,1.975,1.675,1402.621,2.025,1.725,8.27863
1594626764763,c135bb05-0bd7-4660-80c4-5ec4cbd8b41e,18.93775,0.01686668,8.482035E-06,0,1.975,1.675,1122.79,2.025,1.725,8.260566
1594626764786,c135bb05-0bd7-4660-80c4-5ec4cbd8b41e,18.93695,0.02318764,8.481682E-06,0,1.975,1.675,816.683,2.025,1.725,8.23962
1594626764809,c135bb05-0bd7-4660-80c4-5ec4cbd8b41e,18.93581,0.03339291,8.479315E-06,0,1.975,1.675,567.0608,2.025,1.725,8.215092
1594626764833,c135bb05-0bd7-4660-80c4-5ec4cbd8b41e,18.93414,0.04842377,8.478578E-06,0,1.975,1.675,391.0092,2.025,1.725001,8.186137
1594626764857,c135bb05-0bd7-4660-80c4-5ec4cbd8b41e,18.93173,0.06930828,8.479375E-06,0,1.975,1.675,273.1524,2.025,1.725001,8.151773
1594626764881,c135bb05-0bd7-4660-80c4-5ec4cbd8b41e,18.92831,0.09709263,8.477865E-06,0,1.974999,1.675001,194.951,2.025,1.725001,8.11097
1594626764904,c135bb05-0bd7-4660-80c4-5ec4cbd8b41e,18.92613,0.1138134,8.476903E-06,0,1.974999,1.675001,166.2909,2.024999,1.725001,8.087914
1594626764927,c135bb05-0bd7-4660-80c4-5ec4cbd8b41e,18.92069,0.1491938,8.476365E-06,0,1.974999,1.675001,126.8196,2.024999,1.725001,8.040218
1594626764950,c135bb05-0bd7-4660-80c4-5ec4cbd8b41e,18.91411,0.1695957,8.473457E-06,0,1.974999,1.675001,111.5247,2.024999,1.725001,8.007969
1594626764973,c135bb05-0bd7-4660-80c4-5ec4cbd8b41e,18.90721,0.1708965,8.472274E-06,0,1.974999,1.675001,110.6354,2.024999,1.725001,7.995289
1594626764997,c135bb05-0bd7-4660-80c4-5ec4cbd8b41e,18.9006,0.1636729,8.471217E-06,0,1.974999,1.675001,115.4779,2.024999,1.725001,7.991597
1594626765020,c135bb05-0bd7-4660-80c4-5ec4cbd8b41e,18.89442,0.1545897,8.468488E-06,0,1.974999,1.675001,122.2231,2.024999,1.725001,7.990227
1594626765045,c135bb05-0bd7-4660-80c4-5ec4cbd8b41e,18.8901,0.1452746,8.466581E-06,0,1.974999,1.675001,130.0303,2.024999,1.725001,7.992001
1594626765070,c135bb05-0bd7-4660-80c4-5ec4cbd8b41e,18.88873,0.1416168,8.46784E-06,0,1.974999,1.675001,133.3792,2.024999,1.725001,7.993203
1594626765094,c135bb05-0bd7-4660-80c4-5ec4cbd8b41e,18.88487,0.1292133,8.466131E-06,0,1.974999,1.675001,146.1526,2.024999,1.725001,7.998407
1594626765117,c135bb05-0bd7-4660-80c4-5ec4cbd8b41e,18.88034,0.1103573,8.464131E-06,0,1.974999,1.675001,171.0838,2.024999,1.725001,8.00806
1594626765143,c135bb05-0bd7-4660-80c4-5ec4cbd8b41e,18.87574,0.08497715,8.463963E-06,0,1.974999,1.675001,222.1272,2.024999,1.725001,8.022561
1594626765167,c135bb05-0bd7-4660-80c4-5ec4cbd8b41e,18.87356,0.06941414,8.463003E-06,0,1.974999,1.675001,271.898,2.024999,1.725001,8.031928
1594626765193,c135bb05-0bd7-4660-80c4-5ec4cbd8b41e,18.87182,0.05384254,8.462232E-06,0,1.974999,1.675001,350.5001,2.024999,1.725001,8.041549
1594626765217,c135bb05-0bd7-4660-80c4-5ec4cbd8b41e,18.87089,0.04359341,8.461821E-06,0,1.974999,1.675001,432.884,2.024999,1.725001,8.048038
1594626765242,c135bb05-0bd7-4660-80c4-5ec4cbd8b41e,18.87015,0.03369522,8.463358E-06,0,1.974999,1.675001,560.0246,2.024999,1.725001,8.054555
1594626765266,c135bb05-0bd7-4660-80c4-5ec4cbd8b41e,18.86937,0.01971245,8.463013E-06,0,1.974999,1.675001,957.2311,2.024999,1.725001,8.064333
1594626765289,c135bb05-0bd7-4660-80c4-5ec4cbd8b41e,18.86889,0.00272274,8.46094E-06,0,1.974999,1.675001,6930.112,2.024999,1.725001,8.077285
1594626765312,c135bb05-0bd7-4660-80c4-5ec4cbd8b41e,18.86902,-0.01275539,8.460996E-06,0,1.974999,1.675001,-1479.297,2.024999,1.725001,8.090037
1594626765336,c135bb05-0bd7-4660-80c4-5ec4cbd8b41e,18.86998,-0.03055668,8.463281E-06,0,1.974999,1.675001,-617.5402,2.024999,1.725001,8.10558
1594626765360,c135bb05-0bd7-4660-80c4-5ec4cbd8b41e,18.87132,-0.04203987,8.462009E-06,0,1.974999,1.675001,-448.8909,2.024999,1.725001,8.117632
1594626765383,c135bb05-0bd7-4660-80c4-5ec4cbd8b41e,18.87305,-0.05054283,8.462776E-06,0,1.974998,1.675002,-373.4071,2.024999,1.725001,8.129305
1594626765408,c135bb05-0bd7-4660-80c4-5ec4cbd8b41e,18.87508,-0.05641174,8.46181E-06,0,1.974998,1.675002,-334.5949,2.024998,1.725002,8.140576
1594626765431,c135bb05-0bd7-4660-80c4-5ec4cbd8b41e,18.87674,-0.05945587,8.464406E-06,0,1.974998,1.675002,-317.4917,2.024998,1.725002,8.148758
1594626765454,c135bb05-0bd7-4660-80c4-5ec4cbd8b41e,18.87849,-0.06160259,8.465178E-06,0,1.974998,1.675002,-306.4561,2.024998,1.725002,8.156703
1594626765478,c135bb05-0bd7-4660-80c4-5ec4cbd8b41e,18.88031,-0.06303596,8.464119E-06,0,1.974998,1.675002,-299.5165,2.024998,1.725002,8.16441
1594626765502,c135bb05-0bd7-4660-80c4-5ec4cbd8b41e,18.8828,-0.06407356,8.465218E-06,0,1.974998,1.675002,-294.705,2.024998,1.725002,8.174311
1594626765528,c135bb05-0bd7-4660-80c4-5ec4cbd8b41e,18.8847,-0.06433201,8.46606E-06,0,1.974998,1.675002,-293.5507,2.024998,1.725002,8.181458
1594626765553,c135bb05-0bd7-4660-80c4-5ec4cbd8b41e,18.88598,-0.06429958,8.466621E-06,0,1.974998,1.675002,-293.7185,2.024998,1.725002,8.186089
1594626765577,c135bb05-0bd7-4660-80c4-5ec4cbd8b41e,18.88662,-0.06422901,8.466905E-06,0,1.974998,1.675002,-294.0512,2.024998,1.725002,8.188364
1594626765601,c135bb05-0bd7-4660-80c4-5ec4cbd8b41e,18.88789,-0.06399155,8.465605E-06,0,1.974998,1.675002,-295.1623,2.024998,1.725002,8.192836
1594626765625,c135bb05-0bd7-4660-80c4-5ec4cbd8b41e,18.88917,-0.06363583,8.468031E-06,0,1.974998,1.675002,-296.8323,2.024998,1.725002,8.197202
1594626765649,c135bb05-0bd7-4660-80c4-5ec4cbd8b41e,18.89044,-0.0631752,8.468593E-06,0,1.974998,1.675002,-299.0167,2.024998,1.725002,8.201462
1594626765673,c135bb05-0bd7-4660-80c4-5ec4cbd8b41e,18.89107,-0.06290913,8.468871E-06,0,1.974998,1.675002,-300.2914,2.024998,1.725002,8.203552
1594626765696,c135bb05-0bd7-4660-80c4-5ec4cbd8b41e,18.89233,-0.06231499,8.467563E-06,0,1.974998,1.675002,-303.1747,2.024998,1.725002,8.207656
1594626765724,c135bb05-0bd7-4660-80c4-5ec4cbd8b41e,18.89481,-0.0609026,8.468658E-06,0,1.974998,1.675002,-310.2463,2.024998,1.725002,8.215551
1594626765748,c135bb05-0bd7-4660-80c4-5ec4cbd8b41e,18.89602,-0.06010246,8.469196E-06,0,1.974998,1.675002,-314.3969,2.024998,1.725002,8.219345
1594626765772,c135bb05-0bd7-4660-80c4-5ec4cbd8b41e,18.89841,-0.05834961,8.468384E-06,0,1.974998,1.675002,-323.8823,2.024998,1.725002,8.22663
1594626765796,c135bb05-0bd7-4660-80c4-5ec4cbd8b41e,18.90014,-0.05692863,8.471012E-06,0,1.974998,1.675002,-331.997,2.024998,1.725002,8.231834
1594626765821,c135bb05-0bd7-4660-80c4-5ec4cbd8b41e,18.90183,-0.05543423,8.469896E-06,0,1.974998,1.675002,-340.9775,2.024998,1.725002,8.23682
1594626765846,c135bb05-0bd7-4660-80c4-5ec4cbd8b41e,18.90347,-0.0538826,8.470619E-06,0,1.974998,1.675002,-350.8269,2.024998,1.725002,8.241593
1594626765870,c135bb05-0bd7-4660-80c4-5ec4cbd8b41e,18.90454,-0.05282497,8.471092E-06,0,1.974998,1.675002,-357.8712,2.024998,1.725002,8.24466
1594626765895,c135bb05-0bd7-4660-80c4-5ec4cbd8b41e,18.90557,-0.05175209,8.471551E-06,0,1.974998,1.675002,-365.3104,2.024998,1.725002,8.247638
1594626765920,c135bb05-0bd7-4660-80c4-5ec4cbd8b41e,18.9071,-0.05012226,8.472224E-06,0,1.974998,1.675002,-377.2196,2.024998,1.725002,8.251939
1594626765944,c135bb05-0bd7-4660-80c4-5ec4cbd8b41e,18.90809,-0.04902649,8.472661E-06,0,1.974998,1.675002,-385.6709,2.024998,1.725002,8.254699
1594626765972,c135bb05-0bd7-4660-80c4-5ec4cbd8b41e,18.90905,-0.04792786,8.473086E-06,0,1.974998,1.675002,-394.5316,2.024998,1.725002,8.257377
1594626765997,c135bb05-0bd7-4660-80c4-5ec4cbd8b41e,18.91,-0.04682541,8.473503E-06,0,1.974998,1.675002,-403.8405,2.024998,1.725002,8.259972
1594626766023,c135bb05-0bd7-4660-80c4-5ec4cbd8b41e,18.99354,-0.04695415,8.495497E-06,0,1.974998,1.675002,-404.5125,2.024998,1.725002,8.263718
1594626766047,c135bb05-0bd7-4660-80c4-5ec4cbd8b41e,18.91226,-0.04408169,8.474502E-06,0,1.974998,1.675002,-429.0275,2.024998,1.725002,8.266119
1594626766070,c135bb05-0bd7-4660-80c4-5ec4cbd8b41e,18.91355,-0.0424509,8.475073E-06,0,1.974998,1.675002,-445.5394,2.024998,1.725002,8.269583
1594626766094,c135bb05-0bd7-4660-80c4-5ec4cbd8b41e,18.91479,-0.0408411,8.473759E-06,0,1.974998,1.675002,-463.1313,2.024997,1.725003,8.272886
1594626766118,c135bb05-0bd7-4660-80c4-5ec4cbd8b41e,18.91638,-0.03873253,8.474461E-06,0,1.974998,1.675003,-488.3849,2.024997,1.725003,8.277053
1594626766143,c135bb05-0bd7-4660-80c4-5ec4cbd8b41e,18.91752,-0.03718662,8.474964E-06,0,1.974997,1.675003,-508.7184,2.024997,1.725003,8.280007
1594626766167,c135bb05-0bd7-4660-80c4-5ec4cbd8b41e,18.91897,-0.03517818,8.475603E-06,0,1.974997,1.675003,-537.804,2.024997,1.725003,8.283731
1594626766191,c135bb05-0bd7-4660-80c4-5ec4cbd8b41e,18.92034,-0.03323364,8.476209E-06,0,1.974997,1.675003,-569.3129,2.024997,1.725003,8.287218
1594626766215,c135bb05-0bd7-4660-80c4-5ec4cbd8b41e,18.92163,-0.03136158,8.47678E-06,0,1.974997,1.675003,-603.338,2.024997,1.725003,8.290484
1594626766238,c135bb05-0bd7-4660-80c4-5ec4cbd8b41e,18.92286,-0.02956104,8.47732E-06,0,1.974997,1.675003,-640.1282,2.024997,1.725003,8.29354
1594626766262,c135bb05-0bd7-4660-80c4-5ec4cbd8b41e,18.92401,-0.02783585,8.477831E-06,0,1.974997,1.675003,-679.8433,2.024997,1.725003,8.296397
1594626766289,c135bb05-0bd7-4660-80c4-5ec4cbd8b41e,18.9251,-0.02618599,8.476447E-06,0,1.974997,1.675003,-722.7184,2.024997,1.725003,8.299066
1594626766313,c135bb05-0bd7-4660-80c4-5ec4cbd8b41e,18.92612,-0.02461147,8.476897E-06,0,1.974997,1.675003,-768.9957,2.024997,1.725003,8.301558
1594626766337,c135bb05-0bd7-4660-80c4-5ec4cbd8b41e,18.9266,-0.02385139,8.477111E-06,0,1.974997,1.675003,-793.5218,2.024997,1.725003,8.30274
1594626766362,c135bb05-0bd7-4660-80c4-5ec4cbd8b41e,18.92707,-0.02311134,8.47732E-06,0,1.974997,1.675003,-818.9517,2.024997,1.725003,8.303883
1594626766387,c135bb05-0bd7-4660-80c4-5ec4cbd8b41e,18.92776,-0.02203369,8.477621E-06,0,1.974997,1.675003,-859.037,2.024997,1.725003,8.305522
1594626766411,c135bb05-0bd7-4660-80c4-5ec4cbd8b41e,18.9284,-0.02099705,8.477906E-06,0,1.974997,1.675003,-901.4791,2.024997,1.725003,8.307076
1594626766433,c135bb05-0bd7-4660-80c4-5ec4cbd8b41e,18.92921,-0.01967525,8.478265E-06,0,1.974997,1.675003,-962.0823,2.024997,1.725003,8.309025
1594626766458,c135bb05-0bd7-4660-80c4-5ec4cbd8b41e,18.92998,-0.01842308,8.478602E-06,0,1.974997,1.675003,-1027.514,2.024997,1.725003,8.310839
1594626766481,c135bb05-0bd7-4660-80c4-5ec4cbd8b41e,18.93069,-0.01723671,8.478916E-06,0,1.974997,1.675003,-1098.277,2.024997,1.725003,8.312526
1594626766504,c135bb05-0bd7-4660-80c4-5ec4cbd8b41e,18.9312,-0.01638985,8.47914E-06,0,1.974997,1.675003,-1155.056,2.024997,1.725003,8.313714
1594626766528,c135bb05-0bd7-4660-80c4-5ec4cbd8b41e,18.93183,-0.01531601,8.47942E-06,0,1.974997,1.675003,-1236.081,2.024997,1.725003,8.315201
1594626766552,c135bb05-0bd7-4660-80c4-5ec4cbd8b41e,18.93242,-0.01430225,8.479682E-06,0,1.974997,1.675003,-1323.737,2.024997,1.725003,8.316583
1594626766576,c135bb05-0bd7-4660-80c4-5ec4cbd8b41e,18.93298,-0.01334667,8.479927E-06,0,1.974997,1.675003,-1418.554,2.024997,1.725003,8.317866
1594626766603,c135bb05-0bd7-4660-80c4-5ec4cbd8b41e,18.9335,-0.01244736,8.478293E-06,0,1.974996,1.675004,-1521.086,2.024997,1.725003,8.319059
1594626766626,c135bb05-0bd7-4660-80c4-5ec4cbd8b41e,18.93398,-0.01160049,8.478506E-06,0,1.974996,1.675004,-1632.17,2.024996,1.725004,8.320166
1594626766649,c135bb05-0bd7-4660-80c4-5ec4cbd8b41e,18.93432,-0.01100063,8.478656E-06,0,1.974996,1.675004,-1721.202,2.024996,1.725004,8.320944
1594626766675,c135bb05-0bd7-4660-80c4-5ec4cbd8b41e,18.93454,-0.01061535,8.480615E-06,0,1.974996,1.675004,-1783.694,2.024996,1.725004,8.321439
1594626766698,c135bb05-0bd7-4660-80c4-5ec4cbd8b41e,18.93485,-0.01006031,8.47889E-06,0,1.974996,1.675004,-1882.133,2.024996,1.725004,8.322146
1594626766721,c135bb05-0bd7-4660-80c4-5ec4cbd8b41e,18.93514,-0.009531021,8.47902E-06,0,1.974996,1.675004,-1986.685,2.024996,1.725004,8.322815
1594626766745,c135bb05-0bd7-4660-80c4-5ec4cbd8b41e,19.01875,-0.009062767,8.502903E-06,0,1.974996,1.675004,-2098.559,2.024996,1.725004,8.323848
1594626766769,c135bb05-0bd7-4660-80c4-5ec4cbd8b41e,18.93593,-0.008090019,8.481233E-06,0,1.974996,1.675004,-2340.654,2.024996,1.725004,8.324605
1594626766795,c135bb05-0bd7-4660-80c4-5ec4cbd8b41e,18.93625,-0.007514,8.481373E-06,0,1.974996,1.675004,-2520.129,2.024996,1.725004,8.325306
1594626766817,c135bb05-0bd7-4660-80c4-5ec4cbd8b41e,18.93654,-0.006976128,8.479637E-06,0,1.974996,1.675004,-2714.477,2.024996,1.725004,8.325954
1594626766841,c135bb05-0bd7-4660-80c4-5ec4cbd8b41e,18.93681,-0.006472588,8.479756E-06,0,1.974996,1.675004,-2925.694,2.024996,1.725004,8.326553
1594626766864,c135bb05-0bd7-4660-80c4-5ec4cbd8b41e,18.93706,-0.006002426,8.479867E-06,0,1.974996,1.675004,-3154.901,2.024996,1.725004,8.327107
1594626766887,c135bb05-0bd7-4660-80c4-5ec4cbd8b41e,18.93729,-0.005562782,8.479969E-06,0,1.974996,1.675004,-3404.284,2.024996,1.725004,8.327619
1594626766911,c135bb05-0bd7-4660-80c4-5ec4cbd8b41e,18.93751,-0.005152702,8.480064E-06,0,1.974996,1.675004,-3675.257,2.024996,1.725004,8.328091
1594626766934,c135bb05-0bd7-4660-80c4-5ec4cbd8b41e,18.93775,-0.004678726,8.482035E-06,0,1.974996,1.675004,-4047.629,2.024996,1.725004,8.328629
1594626766958,c135bb05-0bd7-4660-80c4-5ec4cbd8b41e,18.93789,-0.004413605,8.480232E-06,0,1.974996,1.675004,-4290.798,2.024996,1.725004,8.328927
1594626766982,c135bb05-0bd7-4660-80c4-5ec4cbd8b41e,18.9381,-0.004001617,8.480327E-06,0,1.974996,1.675004,-4732.611,2.024996,1.725004,8.329385
1594626767005,c135bb05-0bd7-4660-80c4-5ec4cbd8b41e,18.93822,-0.003772736,8.480379E-06,0,1.974996,1.675004,-5019.758,2.024996,1.725004,8.329638
1594626767029,c135bb05-0bd7-4660-80c4-5ec4cbd8b41e,18.93836,-0.003484726,8.480443E-06,0,1.974996,1.675004,-5434.678,2.024996,1.725004,8.329952
1594626767052,c135bb05-0bd7-4660-80c4-5ec4cbd8b41e,18.93853,-0.003153801,8.480515E-06,0,1.974995,1.675004,-6004.985,2.024995,1.725005,8.33031
1594626767076,c135bb05-0bd7-4660-80c4-5ec4cbd8b41e,19.02192,-0.003032684,8.504307E-06,0,1.974995,1.675004,-6272.306,2.024995,1.725005,8.33057
1594626767101,c135bb05-0bd7-4660-80c4-5ec4cbd8b41e,18.93874,-0.002737999,8.480608E-06,0,1.974995,1.675005,-6917,2.024995,1.725005,8.330751
1594626767125,c135bb05-0bd7-4660-80c4-5ec4cbd8b41e,18.93884,-0.002523422,8.480653E-06,0,1.974995,1.675005,-7505.221,2.024995,1.725005,8.330976
1594626767148,c135bb05-0bd7-4660-80c4-5ec4cbd8b41e,18.93894,-0.002326012,8.480697E-06,0,1.974995,1.675005,-8142.238,2.024995,1.725005,8.331182
1594626767172,c135bb05-0bd7-4660-80c4-5ec4cbd8b41e,18.93903,-0.002140999,8.480738E-06,0,1.974995,1.675005,-8845.886,2.024995,1.725005,8.331371
1594626767194,c135bb05-0bd7-4660-80c4-5ec4cbd8b41e,18.93911,-0.001970291,8.480773E-06,0,1.974995,1.675005,-9612.342,2.024995,1.725005,8.331545
1594626767217,c135bb05-0bd7-4660-80c4-5ec4cbd8b41e,18.93919,-0.001812935,8.480807E-06,0,1.974995,1.675005,-10446.7,2.024995,1.725005,8.331704
1594626767241,c135bb05-0bd7-4660-80c4-5ec4cbd8b41e,18.93924,-0.001701355,8.480831E-06,0,1.974995,1.675005,-11131.86,2.024995,1.725005,8.331815
1594626767265,c135bb05-0bd7-4660-80c4-5ec4cbd8b41e,18.93931,-0.00156498,8.480859E-06,0,1.974995,1.675005,-12101.95,2.024995,1.725005,8.331952
1594626767289,c135bb05-0bd7-4660-80c4-5ec4cbd8b41e,18.93938,-0.00140667,8.480893E-06,0,1.974995,1.675005,-13463.99,2.024995,1.725005,8.332107
1594626767312,c135bb05-0bd7-4660-80c4-5ec4cbd8b41e,18.93942,-0.001318932,8.48091E-06,0,1.974995,1.675005,-14359.67,2.024995,1.725005,8.332191
1594626767335,c135bb05-0bd7-4660-80c4-5ec4cbd8b41e,18.93947,-0.001210213,8.480934E-06,0,1.974995,1.675005,-15649.71,2.024995,1.725005,8.332296
1594626767360,c135bb05-0bd7-4660-80c4-5ec4cbd8b41e,18.93952,-0.001109123,8.480954E-06,0,1.974995,1.675005,-17076.12,2.024995,1.725005,8.332392
1594626767383,c135bb05-0bd7-4660-80c4-5ec4cbd8b41e,18.93956,-0.00101757,8.480972E-06,0,1.974995,1.675005,-18612.53,2.024995,1.725005,8.332479
1594626767407,c135bb05-0bd7-4660-80c4-5ec4cbd8b41e,18.93961,-0.0009117126,8.480994E-06,0,1.974995,1.675005,-20773.66,2.024995,1.725005,8.332579
1594626767431,c135bb05-0bd7-4660-80c4-5ec4cbd8b41e,18.93965,-0.0008354187,8.481011E-06,0,1.974995,1.675005,-22670.85,2.024995,1.725005,8.33265
1594626767454,c135bb05-0bd7-4660-80c4-5ec4cbd8b41e,18.93968,-0.0007638931,8.481024E-06,0,1.974995,1.675005,-24793.63,2.024995,1.725005,8.332715
1594626767478,c135bb05-0bd7-4660-80c4-5ec4cbd8b41e,18.93971,-0.0006828308,8.481039E-06,0,1.974995,1.675005,-27737.05,2.024994,1.725006,8.332788
1594626767502,c135bb05-0bd7-4660-80c4-5ec4cbd8b41e,18.93974,-0.000623703,8.481051E-06,0,1.974994,1.675006,-30366.6,2.024994,1.725006,8.332841
1594626767526,c135bb05-0bd7-4660-80c4-5ec4cbd8b41e,18.93976,-0.0005702972,8.481062E-06,0,1.974994,1.675006,-33210.34,2.024994,1.725006,8.33289
1594626767549,c135bb05-0bd7-4660-80c4-5ec4cbd8b41e,18.93979,-0.0005207062,8.481072E-06,0,1.974994,1.675006,-36373.27,2.024994,1.725006,8.332933
1594626767571,c135bb05-0bd7-4660-80c4-5ec4cbd8b41e,18.93981,-0.0004634857,8.481084E-06,0,1.974994,1.675006,-40863.86,2.024994,1.725006,8.332982
1594626767595,c135bb05-0bd7-4660-80c4-5ec4cbd8b41e,18.93983,-0.0004243851,8.481092E-06,0,1.974994,1.675006,-44628.89,2.024994,1.725006,8.333018
1594626767620,c135bb05-0bd7-4660-80c4-5ec4cbd8b41e,18.93985,-0.0003852844,8.481098E-06,0,1.974994,1.675006,-49158.09,2.024994,1.725006,8.33305
1594626767643,c135bb05-0bd7-4660-80c4-5ec4cbd8b41e,18.93986,-0.0003519058,8.481104E-06,0,1.974994,1.675006,-53820.82,2.024994,1.725006,8.333079
1594626767667,c135bb05-0bd7-4660-80c4-5ec4cbd8b41e,18.93987,-0.0003204346,8.48111E-06,0,1.974994,1.675006,-59106.84,2.024994,1.725006,8.333106
1594626767691,c135bb05-0bd7-4660-80c4-5ec4cbd8b41e,18.93989,-0.0002918243,8.481115E-06,0,1.974994,1.675006,-64901.67,2.024994,1.725006,8.33313
1594626767714,c135bb05-0bd7-4660-80c4-5ec4cbd8b41e,18.93989,-0.0002708435,8.481119E-06,0,1.974994,1.675006,-69929.29,2.024994,1.725006,8.333146
1594626767737,c135bb05-0bd7-4660-80c4-5ec4cbd8b41e,18.93991,-0.0002470016,8.481124E-06,0,1.974994,1.675006,-76679.27,2.024994,1.725006,8.333167
1594626767760,c135bb05-0bd7-4660-80c4-5ec4cbd8b41e,18.93992,-0.0002241135,8.479266E-06,0,1.974994,1.675006,-84510.39,2.024994,1.725006,8.333185
1594626767783,c135bb05-0bd7-4660-80c4-5ec4cbd8b41e,18.93992,-0.0002031326,8.481132E-06,0,1.974994,1.675006,-93239.2,2.024994,1.725006,8.333201
1594626767808,c135bb05-0bd7-4660-80c4-5ec4cbd8b41e,18.93993,-0.0001850128,8.481135E-06,0,1.974994,1.675006,-102370.9,2.024994,1.725006,8.333217
1594626767831,c135bb05-0bd7-4660-80c4-5ec4cbd8b41e,18.93994,-0.000164032,8.481137E-06,0,1.974994,1.675006,-115464.9,2.024994,1.725006,8.333234
1594626767854,c135bb05-0bd7-4660-80c4-5ec4cbd8b41e,18.93995,-0.0001478195,8.479281E-06,0,1.974994,1.675006,-128128.9,2.024994,1.725006,8.333245
1594626767877,c135bb05-0bd7-4660-80c4-5ec4cbd8b41e,18.93995,-0.0001344681,8.479283E-06,0,1.974994,1.675006,-140850.9,2.024993,1.725006,8.333257
1594626767901,c135bb05-0bd7-4660-80c4-5ec4cbd8b41e,18.93995,-0.0001220703,8.481145E-06,0,1.974994,1.675007,-155156.1,2.024993,1.725006,8.333266
1594626767925,c135bb05-0bd7-4660-80c4-5ec4cbd8b41e,18.93996,-0.0001096725,8.481147E-06,0,1.974993,1.675007,-172695.5,2.024993,1.725007,8.333275
1594626767949,c135bb05-0bd7-4660-80c4-5ec4cbd8b41e,18.93997,-0.0001001358,8.481151E-06,0,1.974993,1.675007,-189142.8,2.024993,1.725007,8.333283
1594626767973,c135bb05-0bd7-4660-80c4-5ec4cbd8b41e,18.93997,-9.059906E-05,8.481151E-06,0,1.974993,1.675007,-209052.6,2.024993,1.725007,8.33329
1594626767998,c135bb05-0bd7-4660-80c4-5ec4cbd8b41e,18.93997,-7.915497E-05,8.481153E-06,0,1.974993,1.675007,-239277.1,2.024993,1.725007,8.333298
1594626768023,c135bb05-0bd7-4660-80c4-5ec4cbd8b41e,18.93997,-3.242493E-05,8.479291E-06,0,1.974993,1.675007,-584117.7,2.024993,1.725007,8.333261
1594626768046,c135bb05-0bd7-4660-80c4-5ec4cbd8b41e,18.93996,0.0009012222,8.481149E-06,0,1.974993,1.675007,21015.86,2.024993,1.725007,8.332337
1594626768071,c135bb05-0bd7-4660-80c4-5ec4cbd8b41e,18.93991,0.00272274,8.481124E-06,0,1.974993,1.675007,6956.193,2.024993,1.725007,8.330524
1594626768095,c135bb05-0bd7-4660-80c4-5ec4cbd8b41e,18.93973,0.005923271,8.481044E-06,0,1.974993,1.675007,3197.511,2.024993,1.725007,8.327334
1594626768119,c135bb05-0bd7-4660-80c4-5ec4cbd8b41e,18.93937,0.01126671,8.479024E-06,0,1.974993,1.675007,1681.003,2.024993,1.725007,8.322001
1594626768142,c135bb05-0bd7-4660-80c4-5ec4cbd8b41e,19.02206,0.01925564,8.502505E-06,0,1.974993,1.675007,987.8698,2.024993,1.725007,8.314018
1594626768165,c135bb05-0bd7-4660-80c4-5ec4cbd8b41e,18.9377,0.02972794,8.480151E-06,0,1.974993,1.675007,637.0339,2.024993,1.725007,8.303555
1594626768190,c135bb05-0bd7-4660-80c4-5ec4cbd8b41e,18.93621,0.04231358,8.479493E-06,0,1.974993,1.675007,447.521,2.024993,1.725007,8.290977
1594626768214,c135bb05-0bd7-4660-80c4-5ec4cbd8b41e,18.93417,0.05668926,8.47859E-06,0,1.974993,1.675007,333.9992,2.024993,1.725007,8.276608
1594626768238,c135bb05-0bd7-4660-80c4-5ec4cbd8b41e,18.93076,0.07613564,8.477085E-06,0,1.974993,1.675007,248.6452,2.024993,1.725007,8.257169
1594626768261,c135bb05-0bd7-4660-80c4-5ec4cbd8b41e,18.92733,0.09231091,8.477434E-06,0,1.974993,1.675007,205.039,2.024993,1.725007,8.240998
1594626768285,c135bb05-0bd7-4660-80c4-5ec4cbd8b41e,18.92325,0.1089439,8.475633E-06,0,1.974993,1.675007,173.6972,2.024993,1.725007,8.22437
1594626768310,c135bb05-0bd7-4660-80c4-5ec4cbd8b41e,18.91852,0.1259918,8.475405E-06,0,1.974993,1.675007,150.1567,2.024992,1.725007,8.207326
1594626768333,c135bb05-0bd7-4660-80c4-5ec4cbd8b41e,18.91165,0.1478529,8.472372E-06,0,1.974993,1.675007,127.9086,2.024992,1.725007,8.18547
1594626768356,c135bb05-0bd7-4660-80c4-5ec4cbd8b41e,18.90537,0.1657715,8.469599E-06,0,1.974993,1.675007,114.0448,2.024992,1.725008,8.167554
1594626768380,c135bb05-0bd7-4660-80c4-5ec4cbd8b41e,18.90019,0.1794586,8.469175E-06,0,1.974993,1.675008,105.3178,2.024992,1.725008,8.153869
1594626768403,c135bb05-0bd7-4660-80c4-5ec4cbd8b41e,18.89265,0.1980438,8.465844E-06,0,1.974992,1.675008,95.39632,2.024992,1.725008,8.135286
1594626768427,c135bb05-0bd7-4660-80c4-5ec4cbd8b41e,18.88436,0.2170143,8.465909E-06,0,1.974992,1.675008,87.01897,2.024992,1.725008,8.116318
1594626768450,c135bb05-0bd7-4660-80c4-5ec4cbd8b41e,18.8753,0.2363806,8.463769E-06,0,1.974992,1.675008,79.85131,2.024992,1.725008,8.096954
1594626768476,c135bb05-0bd7-4660-80c4-5ec4cbd8b41e,18.9462,0.2611542,8.482042E-06,0,1.974992,1.675008,72.54797,2.024992,1.725008,8.072183
1594626768499,c135bb05-0bd7-4660-80c4-5ec4cbd8b41e,18.93535,0.281436,8.479112E-06,0,1.974992,1.675008,67.2812,2.024992,1.725008,8.051902
1594626768523,c135bb05-0bd7-4660-80c4-5ec4cbd8b41e,18.84333,0.2969265,8.453377E-06,0,1.974992,1.675008,63.46127,2.024992,1.725008,8.036413
1594626768546,c135bb05-0bd7-4660-80c4-5ec4cbd8b41e,18.82782,0.3232784,8.450252E-06,0,1.974992,1.675008,58.24026,2.024992,1.725008,8.010063
1594626768569,c135bb05-0bd7-4660-80c4-5ec4cbd8b41e,18.81444,0.3448529,8.446205E-06,0,1.974992,1.675008,54.55787,2.024992,1.725008,7.98849
1594626768594,c135bb05-0bd7-4660-80c4-5ec4cbd8b41e,18.80019,0.3668728,8.441775E-06,0,1.974992,1.675008,51.24444,2.024992,1.725008,7.966471
1594626768617,c135bb05-0bd7-4660-80c4-5ec4cbd8b41e,18.78505,0.3893452,8.43695E-06,0,1.974992,1.675008,48.2478,2.024992,1.725008,7.943999
1594626768642,c135bb05-0bd7-4660-80c4-5ec4cbd8b41e,18.769,0.4122758,8.431725E-06,0,1.974992,1.675008,45.52535,2.024992,1.725008,7.92107
1594626768670,c135bb05-0bd7-4660-80c4-5ec4cbd8b41e,18.74763,0.4415917,8.427878E-06,0,1.974992,1.675008,42.45467,2.024992,1.725008,7.891755
1594626768694,c135bb05-0bd7-4660-80c4-5ec4cbd8b41e,18.73411,0.4595327,8.423767E-06,0,1.974992,1.675008,40.76773,2.024992,1.725008,7.873814
1594626768718,c135bb05-0bd7-4660-80c4-5ec4cbd8b41e,18.72004,0.4777403,8.417554E-06,0,1.974992,1.675008,39.18455,2.024992,1.725008,7.855606
1594626768742,c135bb05-0bd7-4660-80c4-5ec4cbd8b41e,18.70042,0.5024366,8.414479E-06,0,1.974992,1.675008,37.21946,2.024992,1.725008,7.830911
1594626768766,c135bb05-0bd7-4660-80c4-5ec4cbd8b41e,18.67981,0.5276146,8.409103E-06,0,1.974992,1.675008,35.40427,2.024992,1.725008,7.805733
1594626768790,c135bb05-0bd7-4660-80c4-5ec4cbd8b41e,18.65818,0.5532808,8.401414E-06,0,1.974992,1.675008,33.72281,2.024992,1.725008,7.780067
1594626768813,c135bb05-0bd7-4660-80c4-5ec4cbd8b41e,18.63553,0.5794392,8.395134E-06,0,1.974991,1.675009,32.16132,2.024992,1.725008,7.753909
1594626768836,c135bb05-0bd7-4660-80c4-5ec4cbd8b41e,18.60571,0.6128378,8.38569E-06,0,1.974991,1.675009,30.35992,2.024992,1.725009,7.720511
1594626768860,c135bb05-0bd7-4660-80c4-5ec4cbd8b41e,18.58064,0.6401219,8.380208E-06,0,1.974991,1.675009,29.02672,2.024992,1.725009,7.693227
1594626768882,c135bb05-0bd7-4660-80c4-5ec4cbd8b41e,18.55446,0.6679149,8.374236E-06,0,1.974991,1.675009,27.77968,2.024992,1.725009,7.665434
1594626768906,c135bb05-0bd7-4660-80c4-5ec4cbd8b41e,18.52718,0.6962199,8.365912E-06,0,1.974991,1.675009,26.6111,2.024991,1.725009,7.637129
1594626768930,c135bb05-0bd7-4660-80c4-5ec4cbd8b41e,18.49874,0.7250428,8.357076E-06,0,1.974991,1.675009,25.51399,2.024991,1.725009,7.608306
1594626768953,c135bb05-0bd7-4660-80c4-5ec4cbd8b41e,18.46913,0.7543874,8.349592E-06,0,1.974991,1.675009,24.48229,2.024991,1.725009,7.578963
1594626768977,c135bb05-0bd7-4660-80c4-5ec4cbd8b41e,18.43835,0.784255,8.339724E-06,0,1.974991,1.675009,23.51066,2.024991,1.725009,7.549095
1594626769000,c135bb05-0bd7-4660-80c4-5ec4cbd8b41e,18.39817,0.8223305,8.329429E-06,0,1.974991,1.675009,22.37321,2.024991,1.725009,7.51102
1594626769025,c135bb05-0bd7-4660-80c4-5ec4cbd8b41e,18.37314,0.8455739,8.323963E-06,0,1.974991,1.675009,21.7286,2.024991,1.725009,7.487776
1594626769049,c135bb05-0bd7-4660-80c4-5ec4cbd8b41e,18.33867,0.8770313,8.312466E-06,0,1.974991,1.675009,20.90994,2.024991,1.725009,7.456319
1594626769072,c135bb05-0bd7-4660-80c4-5ec4cbd8b41e,18.30294,0.9090247,8.302273E-06,0,1.974991,1.675009,20.1347,2.024991,1.725009,7.424325
1594626769096,c135bb05-0bd7-4660-80c4-5ec4cbd8b41e,18.26591,0.9415565,8.29151E-06,0,1.974991,1.675009,19.3997,2.024991,1.725009,7.391794
1594626769119,c135bb05-0bd7-4660-80c4-5ec4cbd8b41e,18.21779,0.9829826,8.27957E-06,0,1.974991,1.675009,18.53317,2.024991,1.725009,7.350368
1594626769144,c135bb05-0bd7-4660-80c4-5ec4cbd8b41e,18.18791,1.008246,8.270102E-06,0,1.974991,1.675009,18.03916,2.024991,1.725009,7.325104
1594626769167,c135bb05-0bd7-4660-80c4-5ec4cbd8b41e,18.14689,1.042408,8.259435E-06,0,1.974991,1.675009,17.40862,2.024991,1.725009,7.290942
1594626769192,c135bb05-0bd7-4660-80c4-5ec4cbd8b41e,18.10448,1.077119,8.248159E-06,0,1.974991,1.675009,16.80825,2.024991,1.725009,7.256231
1594626769215,c135bb05-0bd7-4660-80c4-5ec4cbd8b41e,18.04951,1.121284,8.231335E-06,0,1.97499,1.675009,16.09718,2.024991,1.725009,7.212066
1594626769237,c135bb05-0bd7-4660-80c4-5ec4cbd8b41e,18.00393,1.157281,8.218653E-06,0,1.97499,1.675009,15.55709,2.024991,1.725009,7.176069
1594626769261,c135bb05-0bd7-4660-80c4-5ec4cbd8b41e,17.95688,1.193915,8.205329E-06,0,1.97499,1.67501,15.04034,2.024991,1.725009,7.139435
1594626769284,c135bb05-0bd7-4660-80c4-5ec4cbd8b41e,17.90837,1.231208,8.193218E-06,0,1.97499,1.67501,14.54536,2.024991,1.725009,7.102142
1594626769308,c135bb05-0bd7-4660-80c4-5ec4cbd8b41e,17.85835,1.269176,8.178579E-06,0,1.97499,1.67501,14.07082,2.024991,1.72501,7.064174
1594626769331,c135bb05-0bd7-4660-80c4-5ec4cbd8b41e,17.8068,1.30783,8.165126E-06,0,1.97499,1.67501,13.61553,2.024991,1.72501,7.02552
1594626769354,c135bb05-0bd7-4660-80c4-5ec4cbd8b41e,17.75368,1.347176,8.149116E-06,0,1.97499,1.67501,13.17844,2.024991,1.72501,6.986174
1594626769378,c135bb05-0bd7-4660-80c4-5ec4cbd8b41e,17.69897,1.387221,8.134272E-06,0,1.97499,1.67501,12.75858,2.02499,1.72501,6.946129
1594626769402,c135bb05-0bd7-4660-80c4-5ec4cbd8b41e,17.62832,1.438268,8.116108E-06,0,1.97499,1.67501,12.25663,2.02499,1.72501,6.895082
1594626769426,c135bb05-0bd7-4660-80c4-5ec4cbd8b41e,17.56994,1.479904,8.09964E-06,0,1.97499,1.67501,11.87235,2.02499,1.72501,6.853446
1594626769450,c135bb05-0bd7-4660-80c4-5ec4cbd8b41e,17.50988,1.522254,8.082429E-06,0,1.97499,1.67501,11.5026,2.02499,1.72501,6.811096
1594626769472,c135bb05-0bd7-4660-80c4-5ec4cbd8b41e,17.44811,1.565322,8.064465E-06,0,1.97499,1.67501,11.14666,2.02499,1.72501,6.768028
1594626769496,c135bb05-0bd7-4660-80c4-5ec4cbd8b41e,17.3846,1.609113,8.045733E-06,0,1.97499,1.67501,10.80384,2.02499,1.72501,6.724237
1594626769520,c135bb05-0bd7-4660-80c4-5ec4cbd8b41e,17.31933,1.653629,8.028081E-06,0,1.97499,1.67501,10.47352,2.02499,1.72501,6.679721
1594626769544,c135bb05-0bd7-4660-80c4-5ec4cbd8b41e,17.25226,1.698874,8.011503E-06,0,1.97499,1.67501,10.15512,2.02499,1.72501,6.634476
1594626769567,c135bb05-0bd7-4660-80c4-5ec4cbd8b41e,17.18338,1.74485,7.992258E-06,0,1.97499,1.67501,9.848054,2.02499,1.72501,6.5885
1594626769591,c135bb05-0bd7-4660-80c4-5ec4cbd8b41e,17.11263,1.791561,7.972191E-06,0,1.97499,1.67501,9.551801,2.02499,1.72501,6.54179
1594626769615,c135bb05-0bd7-4660-80c4-5ec4cbd8b41e,17.04,1.839008,7.951291E-06,0,1.97499,1.67501,9.265862,2.02499,1.72501,6.494342
1594626769639,c135bb05-0bd7-4660-80c4-5ec4cbd8b41e,16.94652,1.899358,7.923049E-06,0,1.97499,1.67501,8.922238,2.02499,1.72501,6.433992
1594626769661,c135bb05-0bd7-4660-80c4-5ec4cbd8b41e,16.86955,1.948472,7.903958E-06,0,1.97499,1.675011,8.657836,2.02499,1.72501,6.384878
1594626769684,c135bb05-0bd7-4660-80c4-5ec4cbd8b41e,16.79059,1.99833,7.882128E-06,0,1.974989,1.675011,8.402312,2.02499,1.72501,6.33502
1594626769708,c135bb05-0bd7-4660-80c4-5ec4cbd8b41e,16.70964,2.048934,7.859415E-06,0,1.974989,1.675011,8.155286,2.02499,1.72501,6.284417
1594626769732,c135bb05-0bd7-4660-80c4-5ec4cbd8b41e,16.62663,2.100284,7.835796E-06,0,1.974989,1.675011,7.916372,2.02499,1.72501,6.233066
1594626769755,c135bb05-0bd7-4660-80c4-5ec4cbd8b41e,16.54156,2.152383,7.811263E-06,0,1.974989,1.675011,7.685229,2.02499,1.72501,6.180967
1594626769779,c135bb05-0bd7-4660-80c4-5ec4cbd8b41e,16.45439,2.205231,7.787671E-06,0,1.974989,1.675011,7.461527,2.02499,1.72501,6.128119
1594626769803,c135bb05-0bd7-4660-80c4-5ec4cbd8b41e,16.36509,2.258829,7.761272E-06,0,1.974989,1.675011,7.244944,2.02499,1.72501,6.074522
1594626769826,c135bb05-0bd7-4660-80c4-5ec4cbd8b41e,16.27363,2.313177,7.737648E-06,0,1.974989,1.675011,7.035189,2.02499,1.725011,6.020174
1594626769849,c135bb05-0bd7-4660-80c4-5ec4cbd8b41e,16.17858,2.43529,7.710571E-06,0,1.974989,1.675011,6.643388,2.02499,1.725011,5.89806
1594626769873,c135bb05-0bd7-4660-80c4-5ec4cbd8b41e,16.07802,2.575181,7.682928E-06,0,1.974989,1.675011,6.243454,2.02499,1.725011,5.758169
1594626769896,c135bb05-0bd7-4660-80c4-5ec4cbd8b41e,15.97139,2.73013,7.6526E-06,0,1.974989,1.675011,5.850046,2.024989,1.725011,5.60322
1594626769921,c135bb05-0bd7-4660-80c4-5ec4cbd8b41e,15.82943,2.908078,7.61226E-06,0,1.974989,1.675011,5.443261,2.024989,1.725011,5.425272
1594626769944,c135bb05-0bd7-4660-80c4-5ec4cbd8b41e,15.74054,2.989561,7.587906E-06,0,1.974989,1.675011,5.265166,2.024989,1.725011,5.343789
1594626769967,c135bb05-0bd7-4660-80c4-5ec4cbd8b41e,15.58811,3.094116,7.546668E-06,0,1.974989,1.675011,5.037985,2.024989,1.725011,5.239234
1594626769991,c135bb05-0bd7-4660-80c4-5ec4cbd8b41e,15.463,3.166668,7.511907E-06,0,1.974989,1.675011,4.883051,2.024989,1.725011,5.166682
1594626770015,c135bb05-0bd7-4660-80c4-5ec4cbd8b41e,15.33531,3.234906,7.476005E-06,0,1.974989,1.675011,4.740574,2.024989,1.725011,5.098444
1594626770037,c135bb05-0bd7-4660-80c4-5ec4cbd8b41e,15.23785,3.284952,7.447867E-06,0,1.974989,1.675011,4.638683,2.024989,1.725011,5.048398
1594626770062,c135bb05-0bd7-4660-80c4-5ec4cbd8b41e,15.13893,3.334535,7.420945E-06,0,1.974989,1.675011,4.540041,2.024989,1.725011,4.998815
1594626770086,c135bb05-0bd7-4660-80c4-5ec4cbd8b41e,15.00471,3.400306,7.384025E-06,0,1.974988,1.675012,4.412754,2.024989,1.725011,4.933044
1594626770110,c135bb05-0bd7-4660-80c4-5ec4cbd8b41e,14.8678,3.465971,7.345915E-06,0,1.974988,1.675012,4.28965,2.024989,1.725011,4.867379
1594626770133,c135bb05-0bd7-4660-80c4-5ec4cbd8b41e,14.72816,3.531737,7.306598E-06,0,1.974988,1.675012,4.170231,2.024989,1.725011,4.801613
1594626770158,c135bb05-0bd7-4660-80c4-5ec4cbd8b41e,14.58576,3.597754,7.266063E-06,0,1.974988,1.675012,4.054129,2.024989,1.725011,4.735596
1594626770181,c135bb05-0bd7-4660-80c4-5ec4cbd8b41e,14.44059,3.66413,7.22617E-06,0,1.974988,1.675012,3.941071,2.024989,1.725011,4.66922
1594626770204,c135bb05-0bd7-4660-80c4-5ec4cbd8b41e,14.29266,3.730942,7.185054E-06,0,1.974988,1.675012,3.830845,2.024989,1.725011,4.602408
1594626770228,c135bb05-0bd7-4660-80c4-5ec4cbd8b41e,14.14197,3.798242,7.142722E-06,0,1.974988,1.675012,3.723294,2.024989,1.725011,4.535109
1594626770252,c135bb05-0bd7-4660-80c4-5ec4cbd8b41e,13.98852,3.866051,7.09917E-06,0,1.974988,1.675012,3.618298,2.024989,1.725011,4.467299
1594626770275,c135bb05-0bd7-4660-80c4-5ec4cbd8b41e,13.83234,3.934371,7.056275E-06,0,1.974988,1.675012,3.515769,2.024989,1.725011,4.398979
1594626770300,c135bb05-0bd7-4660-80c4-5ec4cbd8b41e,13.63328,4.020459,7.001891E-06,0,1.974988,1.675012,3.390975,2.024989,1.725011,4.312891
1594626770325,c135bb05-0bd7-4660-80c4-5ec4cbd8b41e,13.59295,4.037762,6.98967E-06,0,1.974988,1.675012,3.366455,2.024989,1.725011,4.295588
1594626770349,c135bb05-0bd7-4660-80c4-5ec4cbd8b41e,13.47094,4.089834,6.956281E-06,0,1.974988,1.675012,3.293763,2.024989,1.725011,4.243516
1594626770373,c135bb05-0bd7-4660-80c4-5ec4cbd8b41e,13.30587,4.159613,6.90946E-06,0,1.974988,1.675012,3.198825,2.024989,1.725011,4.173737
1594626770397,c135bb05-0bd7-4660-80c4-5ec4cbd8b41e,13.18026,4.21219,6.874478E-06,0,1.974988,1.675012,3.129077,2.024989,1.725011,4.121161
1594626770420,c135bb05-0bd7-4660-80c4-5ec4cbd8b41e,13.05311,4.264958,6.840673E-06,0,1.974988,1.675012,3.060547,2.024989,1.725011,4.068392
1594626770444,c135bb05-0bd7-4660-80c4-5ec4cbd8b41e,12.88112,4.335597,6.792659E-06,0,1.974988,1.675012,2.971013,2.024989,1.725011,3.997753
1594626770468,c135bb05-0bd7-4660-80c4-5ec4cbd8b41e,12.70631,4.40654,6.743403E-06,0,1.974988,1.675012,2.883512,2.024989,1.725011,3.92681
1594626770491,c135bb05-0bd7-4660-80c4-5ec4cbd8b41e,12.52869,4.477781,6.692902E-06,0,1.974988,1.675012,2.797969,2.024989,1.725011,3.855569
1594626770514,c135bb05-0bd7-4660-80c4-5ec4cbd8b41e,12.3482,4.549319,6.642998E-06,0,1.974988,1.675012,2.714297,2.024989,1.725011,3.784031
1594626770537,c135bb05-0bd7-4660-80c4-5ec4cbd8b41e,12.16484,4.621163,6.591823E-06,0,1.974988,1.675012,2.632419,2.024989,1.725011,3.712187
1594626770561,c135bb05-0bd7-4660-80c4-5ec4cbd8b41e,12.01489,4.711415,6.55168E-06,0,1.974988,1.675012,2.550166,2.024989,1.725011,3.621935
1594626770585,c135bb05-0bd7-4660-80c4-5ec4cbd8b41e,11.78942,4.765813,6.487498E-06,0,1.974987,1.675013,2.473748,2.024989,1.725011,3.567537
1594626770609,c135bb05-0bd7-4660-80c4-5ec4cbd8b41e,11.54884,4.856904,6.42037E-06,0,1.974987,1.675013,2.37782,2.024989,1.725011,3.476447
1594626770632,c135bb05-0bd7-4660-80c4-5ec4cbd8b41e,11.43641,4.930169,6.389344E-06,0,1.974987,1.675013,2.319678,2.024989,1.725011,3.403181
1594626770654,c135bb05-0bd7-4660-80c4-5ec4cbd8b41e,11.20432,4.985352,6.324104E-06,0,1.974987,1.675013,2.247448,2.024989,1.725011,3.347999
1594626770677,c135bb05-0bd7-4660-80c4-5ec4cbd8b41e,11.0034,5.059239,6.267039E-06,0,1.974987,1.675013,2.174912,2.024989,1.725011,3.274111
1594626770702,c135bb05-0bd7-4660-80c4-5ec4cbd8b41e,10.79951,5.133474,6.210526E-06,0,1.974987,1.675013,2.103743,2.024989,1.725011,3.199876
1594626770726,c135bb05-0bd7-4660-80c4-5ec4cbd8b41e,10.64465,5.189356,6.168214E-06,0,1.974987,1.675013,2.051247,2.024988,1.725012,3.143995
1594626770749,c135bb05-0bd7-4660-80c4-5ec4cbd8b41e,10.48811,5.245399,6.123297E-06,0,1.974987,1.675013,1.999488,2.024988,1.725012,3.087951
1594626770773,c135bb05-0bd7-4660-80c4-5ec4cbd8b41e,10.27677,5.320363,6.065355E-06,0,1.974987,1.675013,1.931592,2.024988,1.725012,3.012987
1594626770797,c135bb05-0bd7-4660-80c4-5ec4cbd8b41e,10.06244,5.395591,6.00423E-06,0,1.974987,1.675013,1.864937,2.024988,1.725012,2.937759
1594626770820,c135bb05-0bd7-4660-80c4-5ec4cbd8b41e,9.790296,5.489991,5.930614E-06,0,1.974987,1.675013,1.783299,2.024988,1.725012,2.843359
1594626770844,c135bb05-0bd7-4660-80c4-5ec4cbd8b41e,9.56918,5.565804,5.868356E-06,0,1.974987,1.675013,1.719281,2.024988,1.725012,2.767546
1594626770868,c135bb05-0bd7-4660-80c4-5ec4cbd8b41e,9.345029,5.641886,5.804757E-06,0,1.974987,1.675013,1.656366,2.024988,1.725012,2.691465
1594626770893,c135bb05-0bd7-4660-80c4-5ec4cbd8b41e,9.117833,5.718247,5.741676E-06,0,1.974987,1.675013,1.594515,2.024988,1.725012,2.615103
1594626770917,c135bb05-0bd7-4660-80c4-5ec4cbd8b41e,8.829526,5.814122,5.662784E-06,0,1.974987,1.675013,1.518634,2.024988,1.725012,2.519228
1594626770942,c135bb05-0bd7-4660-80c4-5ec4cbd8b41e,8.654241,5.871893,5.613314E-06,0,1.974987,1.675013,1.473842,2.024988,1.725012,2.461457
1594626770965,c135bb05-0bd7-4660-80c4-5ec4cbd8b41e,8.417813,5.949242,5.548019E-06,0,1.974987,1.675013,1.414939,2.024988,1.725012,2.384109
1594626770989,c135bb05-0bd7-4660-80c4-5ec4cbd8b41e,8.117917,6.046495,5.464009E-06,0,1.974987,1.675013,1.342582,2.024988,1.725012,2.286855
1594626771013,c135bb05-0bd7-4660-80c4-5ec4cbd8b41e,7.935636,6.105224,5.413312E-06,0,1.974986,1.675014,1.299811,2.024988,1.725012,2.228127
1594626771038,c135bb05-0bd7-4660-80c4-5ec4cbd8b41e,7.68984,6.183899,5.34388E-06,0,1.974986,1.675014,1.243526,2.024988,1.725012,2.149451
1594626771061,c135bb05-0bd7-4660-80c4-5ec4cbd8b41e,7.440893,6.262592,5.274919E-06,0,1.974986,1.675014,1.188149,2.024988,1.725012,2.070758
1594626771088,c135bb05-0bd7-4660-80c4-5ec4cbd8b41e,7.252126,6.321436,5.221359E-06,0,1.974986,1.675014,1.147228,2.024988,1.725012,2.011914
1594626771112,c135bb05-0bd7-4660-80c4-5ec4cbd8b41e,6.933607,6.418744,5.134712E-06,0,1.974986,1.675014,1.080212,2.024988,1.725012,1.914607
1594626771136,c135bb05-0bd7-4660-80c4-5ec4cbd8b41e,6.675313,6.495575,5.061623E-06,0,1.974986,1.675014,1.027671,2.024988,1.725012,1.837775
1594626771159,c135bb05-0bd7-4660-80c4-5ec4cbd8b41e,6.413976,6.571341,4.989053E-06,0,1.974986,1.675014,0.9760529,2.024988,1.725012,1.76201
1594626771182,c135bb05-0bd7-4660-80c4-5ec4cbd8b41e,6.149641,6.64626,4.915159E-06,0,1.974986,1.675014,0.9252783,2.024988,1.725012,1.68709
1594626771206,c135bb05-0bd7-4660-80c4-5ec4cbd8b41e,5.949438,6.701898,4.85841E-06,0,1.974986,1.675014,0.8877243,2.024988,1.725012,1.631452
1594626771230,c135bb05-0bd7-4660-80c4-5ec4cbd8b41e,5.679922,6.775304,4.784091E-06,0,1.974986,1.675014,0.8383272,2.024988,1.725012,1.558046
1594626771254,c135bb05-0bd7-4660-80c4-5ec4cbd8b41e,5.407491,6.847686,4.708484E-06,0,1.974986,1.675014,0.7896816,2.024988,1.725012,1.485664
1594626771277,c135bb05-0bd7-4660-80c4-5ec4cbd8b41e,5.132185,6.919319,4.629745E-06,0,1.974986,1.675014,0.7417181,2.024988,1.725012,1.414031
1594626771300,c135bb05-0bd7-4660-80c4-5ec4cbd8b41e,4.78404,7.008266,4.53374E-06,0,1.974986,1.675014,0.6826282,2.024988,1.725012,1.325084
1594626771325,c135bb05-0bd7-4660-80c4-5ec4cbd8b41e,4.502325,7.078622,4.455896E-06,0,1.974986,1.675014,0.6360453,2.024988,1.725012,1.254728
1594626771348,c135bb05-0bd7-4660-80c4-5ec4cbd8b41e,4.217809,7.14817,4.376815E-06,0,1.974986,1.675014,0.5900544,2.024988,1.725012,1.18518
1594626771371,c135bb05-0bd7-4660-80c4-5ec4cbd8b41e,4.002599,7.19971,4.317165E-06,0,1.974986,1.675014,0.5559389,2.024988,1.725012,1.13364
1594626771395,c135bb05-0bd7-4660-80c4-5ec4cbd8b41e,3.640523,7.284534,4.215008E-06,0,1.974986,1.675014,0.4997606,2.024988,1.725012,1.048815
1594626771417,c135bb05-0bd7-4660-80c4-5ec4cbd8b41e,3.347799,7.352059,4.134165E-06,0,1.974986,1.675014,0.4553553,2.024988,1.725012,0.9812913
1594626771440,c135bb05-0bd7-4660-80c4-5ec4cbd8b41e,3.052381,7.419241,4.052132E-06,0,1.974985,1.675014,0.4114142,2.024988,1.725012,0.9141088
1594626771463,c135bb05-0bd7-4660-80c4-5ec4cbd8b41e,2.754285,7.485924,3.968916E-06,0,1.974985,1.675014,0.3679286,2.024988,1.725012,0.847426
1594626771486,c135bb05-0bd7-4660-80c4-5ec4cbd8b41e,2.453535,7.552364,3.884528E-06,0,1.974985,1.675015,0.3248697,2.024988,1.725012,0.780986
1594626771509,c135bb05-0bd7-4660-80c4-5ec4cbd8b41e,2.07385,7.63502,3.77832E-06,0,1.974985,1.675015,0.2716234,2.024988,1.725012,0.6983304
1594626771532,c135bb05-0bd7-4660-80c4-5ec4cbd8b41e,1.767141,7.700847,3.695026E-06,0,1.974985,1.675015,0.2294736,2.024988,1.725012,0.6325033
1594626771555,c135bb05-0bd7-4660-80c4-5ec4cbd8b41e,1.457807,7.766378,3.606848E-06,0,1.974985,1.675015,0.1877075,2.024988,1.725012,0.5669715
1594626771579,c135bb05-0bd7-4660-80c4-5ec4cbd8b41e,1.145849,7.831507,3.521236E-06,0,1.974985,1.675015,0.1463127,2.024988,1.725012,0.5018434
1594626771602,c135bb05-0bd7-4660-80c4-5ec4cbd8b41e,0.8312964,7.89627,3.432615E-06,0,1.974985,1.675015,0.1052771,2.024988,1.725012,0.4370806
1594626771626,c135bb05-0bd7-4660-80c4-5ec4cbd8b41e,0.434484,7.976583,3.322569E-06,0,1.974985,1.675015,0.05446994,2.024988,1.725012,0.3567665
1594626771649,c135bb05-0bd7-4660-80c4-5ec4cbd8b41e,0.1141562,8.040282,3.23326E-06,0,1.974985,1.675015,0.01419804,2.024988,1.725012,0.2930681
1594626771672,c135bb05-0bd7-4660-80c4-5ec4cbd8b41e,0.2087121,8.103374,3.14283E-06,0,1.974985,1.675015,0.0257562,2.024988,1.725012,0.2299771
1594626771696,c135bb05-0bd7-4660-80c4-5ec4cbd8b41e,0.6158242,8.181504,3.028235E-06,0,1.974985,1.675015,0.0752703,2.024988,1.725012,0.1518456
1594626771719,c135bb05-0bd7-4660-80c4-5ec4cbd8b41e,0.9443231,8.24376,2.937181E-06,0,1.974985,1.675015,0.11455,2.024988,1.725012,0.08959022
1594626771743,c135bb05-0bd7-4660-80c4-5ec4cbd8b41e,0.9443231,8.24376,2.937181E-06,0,1.974985,1.675015,0.11455,2.024988,1.725012,0.08959022
1594626771766,c135bb05-0bd7-4660-80c4-5ec4cbd8b41e,0.9443231,8.24376,2.937181E-06,0,1.974985,1.675015,0.11455,2.024988,1.725012,0.08959022
1594626771789,c135bb05-0bd7-4660-80c4-5ec4cbd8b41e,0.9443231,8.24376,2.937181E-06,0,1.974985,1.675015,0.11455,2.024988,1.725012,0.08959022
1594626771813,c135bb05-0bd7-4660-80c4-5ec4cbd8b41e,0.9443231,8.24376,2.937181E-06,0,1.974985,1.675015,0.11455,2.024988,1.725012,0.08959022
1594626771836,c135bb05-0bd7-4660-80c4-5ec4cbd8b41e,0.9443231,8.24376,2.937181E-06,0,1.974985,1.675015,0.11455,2.024988,1.725012,0.08959022
1594626771860,c135bb05-0bd7-4660-80c4-5ec4cbd8b41e,0.9443231,8.24376,2.937181E-06,0,1.974985,1.675016,0.11455,2.024988,1.725012,0.08959022
1594626771883,c135bb05-0bd7-4660-80c4-5ec4cbd8b41e,0.9443231,8.24376,2.937181E-06,0,1.974984,1.675016,0.11455,2.024988,1.725012,0.08959022
1594626771908,c135bb05-0bd7-4660-80c4-5ec4cbd8b41e,0.9443231,8.24376,2.937181E-06,0,1.974984,1.675016,0.11455,2.024988,1.725012,0.08959022
1594626771935,c135bb05-0bd7-4660-80c4-5ec4cbd8b41e,0.9443231,8.24376,2.937181E-06,0,1.974984,1.675016,0.11455,2.024988,1.725012,0.08959022
1594626771959,c135bb05-0bd7-4660-80c4-5ec4cbd8b41e,0.9443231,8.24376,2.937181E-06,0,1.974984,1.675016,0.11455,2.024988,1.725012,0.08959022
1594626771984,c135bb05-0bd7-4660-80c4-5ec4cbd8b41e,0.9443231,8.24376,2.937181E-06,0,1.974984,1.675016,0.11455,2.024988,1.725012,0.08959022
1594626772009,c135bb05-0bd7-4660-80c4-5ec4cbd8b41e,0.9443231,8.24376,2.937181E-06,0,1.974984,1.675016,0.11455,2.024988,1.725012,0.08959022
1594626772032,c135bb05-0bd7-4660-80c4-5ec4cbd8b41e,0.9443231,8.24376,2.937181E-06,0,1.974984,1.675016,0.11455,2.024988,1.725012,0.08959022
1594626772055,c135bb05-0bd7-4660-80c4-5ec4cbd8b41e,0.9443231,8.24376,2.937181E-06,0,1.974984,1.675016,0.11455,2.024988,1.725012,0.08959022
1594626772079,c135bb05-0bd7-4660-80c4-5ec4cbd8b41e,0.9443231,8.24376,2.937181E-06,0,1.974984,1.675016,0.11455,2.024988,1.725012,0.08959022
1594626772101,c135bb05-0bd7-4660-80c4-5ec4cbd8b41e,0.9443231,8.24376,2.937181E-06,0,1.974984,1.675016,0.11455,2.024988,1.725012,0.08959022
1594626772125,c135bb05-0bd7-4660-80c4-5ec4cbd8b41e,0.9443231,8.24376,2.937181E-06,0,1.974984,1.675016,0.11455,2.024988,1.725012,0.08959022
1594626772148,c135bb05-0bd7-4660-80c4-5ec4cbd8b41e,0.9443231,8.24376,2.937181E-06,0,1.974984,1.675016,0.11455,2.024988,1.725012,0.08959022
1594626772172,c135bb05-0bd7-4660-80c4-5ec4cbd8b41e,0.9443231,8.24376,2.937181E-06,0,1.974984,1.675016,0.11455,2.024988,1.725012,0.08959022
1594626772195,c135bb05-0bd7-4660-80c4-5ec4cbd8b41e,0.9443231,8.24376,2.937181E-06,0,1.974984,1.675016,0.11455,2.024988,1.725012,0.08959022
1594626772219,c135bb05-0bd7-4660-80c4-5ec4cbd8b41e,0.9443231,8.24376,2.937181E-06,0,1.974984,1.675016,0.11455,2.024988,1.725012,0.08959022
1594626772243,c135bb05-0bd7-4660-80c4-5ec4cbd8b41e,0.9443231,8.24376,2.937181E-06,0,1.974984,1.675016,0.11455,2.024988,1.725012,0.08959022
1594626772266,c135bb05-0bd7-4660-80c4-5ec4cbd8b41e,0.9443231,8.24376,2.937181E-06,0,1.974983,1.675017,0.11455,2.024988,1.725012,0.08959022
1594626772290,c135bb05-0bd7-4660-80c4-5ec4cbd8b41e,0.9443231,8.24376,2.937181E-06,0,1.974983,1.675017,0.11455,2.024988,1.725012,0.08959022
1594626772313,c135bb05-0bd7-4660-80c4-5ec4cbd8b41e,0.9443231,8.24376,2.937181E-06,0,1.974983,1.675017,0.11455,2.024988,1.725012,0.08959022
1594626772336,c135bb05-0bd7-4660-80c4-5ec4cbd8b41e,0.9443231,8.24376,2.937181E-06,0,1.974983,1.675017,0.11455,2.024988,1.725012,0.08959022
1594626772359,c135bb05-0bd7-4660-80c4-5ec4cbd8b41e,0.9443231,8.24376,2.937181E-06,0,1.974983,1.675017,0.11455,2.024988,1.725012,0.08959022
1594626772386,c135bb05-0bd7-4660-80c4-5ec4cbd8b41e,0.9443231,8.24376,2.937181E-06,0,1.974983,1.675017,0.11455,2.024988,1.725012,0.08959022
1594626772409,c135bb05-0bd7-4660-80c4-5ec4cbd8b41e,0.9443231,8.24376,2.937181E-06,0,1.974983,1.675017,0.11455,2.024988,1.725012,0.08959022
1594626772434,c135bb05-0bd7-4660-80c4-5ec4cbd8b41e,0.9443231,8.24376,2.937181E-06,0,1.974983,1.675017,0.11455,2.024988,1.725012,0.08959022
1594626772458,c135bb05-0bd7-4660-80c4-5ec4cbd8b41e,0.9443231,8.24376,2.937181E-06,0,1.974983,1.675017,0.11455,2.024988,1.725012,0.08959022
1594626772482,c135bb05-0bd7-4660-80c4-5ec4cbd8b41e,0.9443231,8.24376,2.937181E-06,0,1.974983,1.675017,0.11455,2.024988,1.725012,0.08959022
1594626772506,c135bb05-0bd7-4660-80c4-5ec4cbd8b41e,0.9443231,8.24376,2.937181E-06,0,1.974983,1.675017,0.11455,2.024988,1.725012,0.08959022
1594626772529,c135bb05-0bd7-4660-80c4-5ec4cbd8b41e,0.9443231,8.24376,2.937181E-06,0,1.974983,1.675017,0.11455,2.024988,1.725012,0.08959022
1594626772553,c135bb05-0bd7-4660-80c4-5ec4cbd8b41e,0.9443231,8.24376,2.937181E-06,0,1.974983,1.675017,0.11455,2.024988,1.725012,0.08959022
1594626772576,c135bb05-0bd7-4660-80c4-5ec4cbd8b41e,0.9443231,8.24376,2.937181E-06,0,1.974983,1.675017,0.11455,2.024988,1.725012,0.08959022
1594626772599,c135bb05-0bd7-4660-80c4-5ec4cbd8b41e,0.9443231,8.24376,2.937181E-06,0,1.974983,1.675017,0.11455,2.024988,1.725012,0.08959022
1594626772623,c135bb05-0bd7-4660-80c4-5ec4cbd8b41e,0.9443231,8.24376,2.937181E-06,0,1.974983,1.675017,0.11455,2.024988,1.725012,0.08959022
1594626772646,c135bb05-0bd7-4660-80c4-5ec4cbd8b41e,0.9443231,8.24376,2.937181E-06,0,1.974983,1.675017,0.11455,2.024988,1.725012,0.08959022
1594626772669,c135bb05-0bd7-4660-80c4-5ec4cbd8b41e,0.9443231,8.24376,2.937181E-06,0,1.974983,1.675017,0.11455,2.024988,1.725012,0.08959022
1594626772694,c135bb05-0bd7-4660-80c4-5ec4cbd8b41e,0.9443231,8.24376,2.937181E-06,0,1.974983,1.675018,0.11455,2.024988,1.725012,0.08959022
1594626772719,c135bb05-0bd7-4660-80c4-5ec4cbd8b41e,0.9443231,8.24376,2.937181E-06,0,1.974982,1.675018,0.11455,2.024988,1.725012,0.08959022
1594626772743,c135bb05-0bd7-4660-80c4-5ec4cbd8b41e,0.9443231,8.24376,2.937181E-06,0,1.974982,1.675018,0.11455,2.024988,1.725012,0.08959022
1594626772765,c135bb05-0bd7-4660-80c4-5ec4cbd8b41e,0.9443231,8.24376,2.937181E-06,0,1.974982,1.675018,0.11455,2.024988,1.725012,0.08959022
1594626772789,c135bb05-0bd7-4660-80c4-5ec4cbd8b41e,0.9443231,8.24376,2.937181E-06,0,1.974982,1.675018,0.11455,2.024988,1.725012,0.08959022
1594626772813,c135bb05-0bd7-4660-80c4-5ec4cbd8b41e,0.9443231,8.24376,2.937181E-06,0,1.974982,1.675018,0.11455,2.024988,1.725012,0.08959022
1594626772835,c135bb05-0bd7-4660-80c4-5ec4cbd8b41e,0.9443231,8.24376,2.937181E-06,0,1.974982,1.675018,0.11455,2.024988,1.725012,0.08959022
1594626772859,c135bb05-0bd7-4660-80c4-5ec4cbd8b41e,0.9443231,8.24376,2.937181E-06,0,1.974982,1.675018,0.11455,2.024988,1.725012,0.08959022
1594626772882,c135bb05-0bd7-4660-80c4-5ec4cbd8b41e,0.9443231,8.24376,2.937181E-06,0,1.974982,1.675018,0.11455,2.024988,1.725012,0.08959022
1594626772907,c135bb05-0bd7-4660-80c4-5ec4cbd8b41e,0.9443231,8.24376,2.937181E-06,0,1.974982,1.675018,0.11455,2.024988,1.725012,0.08959022
1594626772930,c135bb05-0bd7-4660-80c4-5ec4cbd8b41e,0.9443231,8.24376,2.937181E-06,0,1.974982,1.675018,0.11455,2.024988,1.725012,0.08959022
1594626772953,c135bb05-0bd7-4660-80c4-5ec4cbd8b41e,0.9443231,8.24376,2.937181E-06,0,1.974982,1.675018,0.11455,2.024988,1.725012,0.08959022
1594626772977,c135bb05-0bd7-4660-80c4-5ec4cbd8b41e,0.9443231,8.24376,2.937181E-06,0,1.974982,1.675018,0.11455,2.024988,1.725012,0.08959022
1594626773000,c135bb05-0bd7-4660-80c4-5ec4cbd8b41e,0.9443231,8.24376,2.937181E-06,0,1.974982,1.675018,0.11455,2.024988,1.725012,0.08959022
1594626773024,c135bb05-0bd7-4660-80c4-5ec4cbd8b41e,0.9443231,8.24376,2.937181E-06,0,1.974982,1.675018,0.11455,2.024988,1.725012,0.08959022
1594626773048,c135bb05-0bd7-4660-80c4-5ec4cbd8b41e,0.9443231,8.24376,2.937181E-06,0,1.974982,1.675018,0.11455,2.024988,1.725012,0.08959022
1594626773073,c135bb05-0bd7-4660-80c4-5ec4cbd8b41e,0.9443231,8.24376,2.937181E-06,0,1.974982,1.675018,0.11455,2.024988,1.725012,0.08959022
1594626773097,c135bb05-0bd7-4660-80c4-5ec4cbd8b41e,0.9443231,8.24376,2.937181E-06,0,1.974982,1.675018,0.11455,2.024988,1.725012,0.08959022
1594626773121,c135bb05-0bd7-4660-80c4-5ec4cbd8b41e,0.9443231,8.24376,2.937181E-06,0,1.974982,1.675019,0.11455,2.024988,1.725012,0.08959022
1594626773145,c135bb05-0bd7-4660-80c4-5ec4cbd8b41e,0.9443231,8.24376,2.937181E-06,0,1.974981,1.675019,0.11455,2.024988,1.725012,0.08959022
1594626773169,c135bb05-0bd7-4660-80c4-5ec4cbd8b41e,0.9443231,8.24376,2.937181E-06,0,1.974981,1.675019,0.11455,2.024988,1.725012,0.08959022
1594626773193,c135bb05-0bd7-4660-80c4-5ec4cbd8b41e,0.9443231,8.24376,2.937181E-06,0,1.974981,1.675019,0.11455,2.024988,1.725012,0.08959022
1594626773215,c135bb05-0bd7-4660-80c4-5ec4cbd8b41e,0.9443231,8.24376,2.937181E-06,0,1.974981,1.675019,0.11455,2.024988,1.725012,0.08959022
1594626773239,c135bb05-0bd7-4660-80c4-5ec4cbd8b41e,0.9443231,8.24376,2.937181E-06,0,1.974981,1.675019,0.11455,2.024988,1.725012,0.08959022
1594626773262,c135bb05-0bd7-4660-80c4-5ec4cbd8b41e,0.9443231,8.24376,2.937181E-06,0,1.974981,1.675019,0.11455,2.024988,1.725012,0.08959022
1594626773285,c135bb05-0bd7-4660-80c4-5ec4cbd8b41e,0.9443231,8.24376,2.937181E-06,0,1.974981,1.675019,0.11455,2.024988,1.725012,0.08959022
1594626773309,c135bb05-0bd7-4660-80c4-5ec4cbd8b41e,0.9443231,8.24376,2.937181E-06,0,1.974981,1.675019,0.11455,2.024988,1.725012,0.08959022
1594626773332,c135bb05-0bd7-4660-80c4-5ec4cbd8b41e,0.9443231,8.24376,2.937181E-06,0,1.974981,1.675019,0.11455,2.024988,1.725012,0.08959022
1594626773356,c135bb05-0bd7-4660-80c4-5ec4cbd8b41e,0.9443231,8.24376,2.937181E-06,0,1.974981,1.675019,0.11455,2.024988,1.725012,0.08959022
1594626773380,c135bb05-0bd7-4660-80c4-5ec4cbd8b41e,0.9443231,8.24376,2.937181E-06,0,1.974981,1.675019,0.11455,2.024988,1.725012,0.08959022
1594626773403,c135bb05-0bd7-4660-80c4-5ec4cbd8b41e,0.9443231,8.24376,2.937181E-06,0,1.974981,1.675019,0.11455,2.024988,1.725012,0.08959022
1594626773427,c135bb05-0bd7-4660-80c4-5ec4cbd8b41e,0.9443231,8.24376,2.937181E-06,0,1.974981,1.675019,0.11455,2.024988,1.725012,0.08959022
1594626773450,c135bb05-0bd7-4660-80c4-5ec4cbd8b41e,0.9443231,8.24376,2.937181E-06,0,1.974981,1.675019,0.11455,2.024988,1.725012,0.08959022
1594626773474,c135bb05-0bd7-4660-80c4-5ec4cbd8b41e,0.9443231,8.24376,2.937181E-06,0,1.974981,1.675019,0.11455,2.024988,1.725012,0.08959022
1594626773497,c135bb05-0bd7-4660-80c4-5ec4cbd8b41e,0.9443231,8.24376,2.937181E-06,0,1.974981,1.675019,0.11455,2.024988,1.725012,0.08959022
1594626773520,c135bb05-0bd7-4660-80c4-5ec4cbd8b41e,0.9443231,8.24376,2.937181E-06,0,1.974981,1.67502,0.11455,2.024988,1.725012,0.08959022
1594626773544,c135bb05-0bd7-4660-80c4-5ec4cbd8b41e,0.9443231,8.24376,2.937181E-06,0,1.97498,1.67502,0.11455,2.024988,1.725012,0.08959022
1594626773567,c135bb05-0bd7-4660-80c4-5ec4cbd8b41e,0.9443231,8.24376,2.937181E-06,0,1.97498,1.67502,0.11455,2.024988,1.725012,0.08959022
1594626773591,c135bb05-0bd7-4660-80c4-5ec4cbd8b41e,0.9443231,8.24376,2.937181E-06,0,1.97498,1.67502,0.11455,2.024988,1.725012,0.08959022
1594626773614,c135bb05-0bd7-4660-80c4-5ec4cbd8b41e,0.9443231,8.24376,2.937181E-06,0,1.97498,1.67502,0.11455,2.024988,1.725012,0.08959022
1594626773637,c135bb05-0bd7-4660-80c4-5ec4cbd8b41e,0.9443231,8.24376,2.937181E-06,0,1.97498,1.67502,0.11455,2.024988,1.725012,0.08959022
1594626773661,c135bb05-0bd7-4660-80c4-5ec4cbd8b41e,0.9443231,8.24376,2.937181E-06,0,1.97498,1.67502,0.11455,2.024988,1.725012,0.08959022
1594626773685,c135bb05-0bd7-4660-80c4-5ec4cbd8b41e,0.9443231,8.24376,2.937181E-06,0,1.97498,1.67502,0.11455,2.024988,1.725012,0.08959022
1594626773709,c135bb05-0bd7-4660-80c4-5ec4cbd8b41e,0.9443231,8.24376,2.937181E-06,0,1.97498,1.67502,0.11455,2.024988,1.725012,0.08959022
1594626773732,c135bb05-0bd7-4660-80c4-5ec4cbd8b41e,0.9443231,8.24376,2.937181E-06,0,1.97498,1.67502,0.11455,2.024988,1.725012,0.08959022
1594626773755,c135bb05-0bd7-4660-80c4-5ec4cbd8b41e,0.9443231,8.24376,2.937181E-06,0,1.97498,1.67502,0.11455,2.024988,1.725012,0.08959022
1594626773779,c135bb05-0bd7-4660-80c4-5ec4cbd8b41e,0.9443231,8.24376,2.937181E-06,0,1.97498,1.67502,0.11455,2.024988,1.725012,0.08959022
1594626773803,c135bb05-0bd7-4660-80c4-5ec4cbd8b41e,0.9443231,8.24376,2.937181E-06,0,1.97498,1.67502,0.11455,2.024988,1.725012,0.08959022
1594626773826,c135bb05-0bd7-4660-80c4-5ec4cbd8b41e,0.9443231,8.24376,2.937181E-06,0,1.97498,1.67502,0.11455,2.024988,1.725012,0.08959022
1594626773849,c135bb05-0bd7-4660-80c4-5ec4cbd8b41e,0.9443231,8.24376,2.937181E-06,0,1.97498,1.67502,0.11455,2.024988,1.725012,0.08959022
1594626773872,c135bb05-0bd7-4660-80c4-5ec4cbd8b41e,0.9443231,8.24376,2.937181E-06,0,1.97498,1.67502,0.11455,2.024988,1.725012,0.08959022
1594626773896,c135bb05-0bd7-4660-80c4-5ec4cbd8b41e,0.9443231,8.24376,2.937181E-06,0,1.97498,1.67502,0.11455,2.024988,1.725012,0.08959022
1594626773920,c135bb05-0bd7-4660-80c4-5ec4cbd8b41e,0.9443231,8.24376,2.937181E-06,0,1.97498,1.67502,0.11455,2.024988,1.725012,0.08959022
1594626773943,c135bb05-0bd7-4660-80c4-5ec4cbd8b41e,0.9443231,8.24376,2.937181E-06,0,1.97498,1.67502,0.11455,2.024988,1.725012,0.08959022
1594626773965,c135bb05-0bd7-4660-80c4-5ec4cbd8b41e,0.9443231,8.24376,2.937181E-06,0,1.974979,1.675021,0.11455,2.024988,1.725012,0.08959022
1594626773989,c135bb05-0bd7-4660-80c4-5ec4cbd8b41e,0.9443231,8.24376,2.937181E-06,0,1.974979,1.675021,0.11455,2.024988,1.725012,0.08959022
1594626774012,c135bb05-0bd7-4660-80c4-5ec4cbd8b41e,0.9443231,8.24376,2.937181E-06,0,1.974979,1.675021,0.11455,2.024988,1.725012,0.08959022
1594626774035,c135bb05-0bd7-4660-80c4-5ec4cbd8b41e,0.9443231,8.24376,2.937181E-06,0,1.974979,1.675021,0.11455,2.024988,1.725012,0.08959022
1594626774059,c135bb05-0bd7-4660-80c4-5ec4cbd8b41e,0.9443231,8.24376,2.937181E-06,0,1.974979,1.675021,0.11455,2.024988,1.725012,0.08959022
1594626774082,c135bb05-0bd7-4660-80c4-5ec4cbd8b41e,0.9443231,8.24376,2.937181E-06,0,1.974979,1.675021,0.11455,2.024988,1.725012,0.08959022
1594626774105,c135bb05-0bd7-4660-80c4-5ec4cbd8b41e,0.9443231,8.24376,2.937181E-06,0,1.974979,1.675021,0.11455,2.024988,1.725012,0.08959022
1594626774129,c135bb05-0bd7-4660-80c4-5ec4cbd8b41e,0.9443231,8.24376,2.937181E-06,0,1.974979,1.675021,0.11455,2.024988,1.725012,0.08959022
1594626774152,c135bb05-0bd7-4660-80c4-5ec4cbd8b41e,0.9443231,8.24376,2.937181E-06,0,1.974979,1.675021,0.11455,2.024988,1.725012,0.08959022
1594626774176,c135bb05-0bd7-4660-80c4-5ec4cbd8b41e,0.9443231,8.24376,2.937181E-06,0,1.974979,1.675021,0.11455,2.024988,1.725012,0.08959022
1594626774199,c135bb05-0bd7-4660-80c4-5ec4cbd8b41e,0.9443231,8.24376,2.937181E-06,0,1.974979,1.675021,0.11455,2.024988,1.725012,0.08959022
1594626774221,c135bb05-0bd7-4660-80c4-5ec4cbd8b41e,0.9443231,8.24376,2.937181E-06,0,1.974979,1.675021,0.11455,2.024988,1.725012,0.08959022
1594626774244,c135bb05-0bd7-4660-80c4-5ec4cbd8b41e,0.9443231,8.24376,2.937181E-06,0,1.974979,1.675021,0.11455,2.024988,1.725012,0.08959022
1594626774267,c135bb05-0bd7-4660-80c4-5ec4cbd8b41e,0.9443231,8.24376,2.937181E-06,0,1.974979,1.675021,0.11455,2.024988,1.725012,0.08959022
1594626774292,c135bb05-0bd7-4660-80c4-5ec4cbd8b41e,0.9443231,8.24376,2.937181E-06,0,1.974979,1.675021,0.11455,2.024988,1.725012,0.08959022
1594626774316,c135bb05-0bd7-4660-80c4-5ec4cbd8b41e,0.9443231,8.24376,2.937181E-06,0,1.974979,1.675021,0.11455,2.024988,1.725012,0.08959022
1594626774339,c135bb05-0bd7-4660-80c4-5ec4cbd8b41e,0.9443231,8.24376,2.937181E-06,0,1.974979,1.675021,0.11455,2.024988,1.725012,0.08959022
1594626774363,c135bb05-0bd7-4660-80c4-5ec4cbd8b41e,0.9443231,8.24376,2.937181E-06,0,1.974978,1.675022,0.11455,2.024988,1.725012,0.08959022
1594626774386,c135bb05-0bd7-4660-80c4-5ec4cbd8b41e,0.9443231,8.24376,2.937181E-06,0,1.974978,1.675022,0.11455,2.024988,1.725012,0.08959022
1594626774410,c135bb05-0bd7-4660-80c4-5ec4cbd8b41e,0.9443231,8.24376,2.937181E-06,0,1.974978,1.675022,0.11455,2.024988,1.725012,0.08959022
1594626774433,c135bb05-0bd7-4660-80c4-5ec4cbd8b41e,0.9443231,8.24376,2.937181E-06,0,1.974978,1.675022,0.11455,2.024988,1.725012,0.08959022
1594626774457,c135bb05-0bd7-4660-80c4-5ec4cbd8b41e,0.9443231,8.24376,2.937181E-06,0,1.974978,1.675022,0.11455,2.024988,1.725012,0.08959022
1594626774480,c135bb05-0bd7-4660-80c4-5ec4cbd8b41e,0.9443231,8.24376,2.937181E-06,0,1.974978,1.675022,0.11455,2.024988,1.725012,0.08959022
1594626774503,c135bb05-0bd7-4660-80c4-5ec4cbd8b41e,0.9443231,8.24376,2.937181E-06,0,1.974978,1.675022,0.11455,2.024988,1.725012,0.08959022
1594626774527,c135bb05-0bd7-4660-80c4-5ec4cbd8b41e,0.9443231,8.24376,2.937181E-06,0,1.974978,1.675022,0.11455,2.024988,1.725012,0.08959022
1594626774550,c135bb05-0bd7-4660-80c4-5ec4cbd8b41e,0.9443231,8.24376,2.937181E-06,0,1.974978,1.675022,0.11455,2.024988,1.725012,0.08959022
1594626774574,c135bb05-0bd7-4660-80c4-5ec4cbd8b41e,0.9443231,8.24376,2.937181E-06,0,1.974978,1.675022,0.11455,2.024988,1.725012,0.08959022
1594626774596,c135bb05-0bd7-4660-80c4-5ec4cbd8b41e,0.9443231,8.24376,2.937181E-06,0,1.974978,1.675022,0.11455,2.024988,1.725012,0.08959022
1594626774620,c135bb05-0bd7-4660-80c4-5ec4cbd8b41e,0.9443231,8.24376,2.937181E-06,0,1.974978,1.675022,0.11455,2.024988,1.725012,0.08959022
1594626774644,c135bb05-0bd7-4660-80c4-5ec4cbd8b41e,0.9443231,8.24376,2.937181E-06,0,1.974978,1.675022,0.11455,2.024988,1.725012,0.08959022
1594626774667,c135bb05-0bd7-4660-80c4-5ec4cbd8b41e,0.9443231,8.24376,2.937181E-06,0,1.974978,1.675022,0.11455,2.024988,1.725012,0.08959022
1594626774692,c135bb05-0bd7-4660-80c4-5ec4cbd8b41e,0.9443231,8.24376,2.937181E-06,0,1.974978,1.675022,0.11455,2.024988,1.725012,0.08959022
1594626774715,c135bb05-0bd7-4660-80c4-5ec4cbd8b41e,0.9443231,8.24376,2.937181E-06,0,1.974978,1.675022,0.11455,2.024988,1.725012,0.08959022
1594626774739,c135bb05-0bd7-4660-80c4-5ec4cbd8b41e,0.9443231,8.24376,2.937181E-06,0,1.974978,1.675022,0.11455,2.024988,1.725012,0.08959022
1594626774763,c135bb05-0bd7-4660-80c4-5ec4cbd8b41e,0.9443231,8.24376,2.937181E-06,0,1.974977,1.675022,0.11455,2.024988,1.725012,0.08959022
1594626774786,c135bb05-0bd7-4660-80c4-5ec4cbd8b41e,0.9443231,8.24376,2.937181E-06,0,1.974977,1.675023,0.11455,2.024988,1.725012,0.08959022
1594626774810,c135bb05-0bd7-4660-80c4-5ec4cbd8b41e,0.9443231,8.24376,2.937181E-06,0,1.974977,1.675023,0.11455,2.024988,1.725012,0.08959022
1594626774833,c135bb05-0bd7-4660-80c4-5ec4cbd8b41e,0.9443231,8.24376,2.937181E-06,0,1.974977,1.675023,0.11455,2.024988,1.725012,0.08959022
1594626774858,c135bb05-0bd7-4660-80c4-5ec4cbd8b41e,0.9443231,8.24376,2.937181E-06,0,1.974977,1.675023,0.11455,2.024988,1.725012,0.08959022
1594626774881,c135bb05-0bd7-4660-80c4-5ec4cbd8b41e,0.9443231,8.24376,2.937181E-06,0,1.974977,1.675023,0.11455,2.024988,1.725012,0.08959022
1594626774905,c135bb05-0bd7-4660-80c4-5ec4cbd8b41e,0.9443231,8.24376,2.937181E-06,0,1.974977,1.675023,0.11455,2.024988,1.725012,0.08959022
1594626774928,c135bb05-0bd7-4660-80c4-5ec4cbd8b41e,0.9443231,8.24376,2.937181E-06,0,1.974977,1.675023,0.11455,2.024988,1.725012,0.08959022
1594626774951,c135bb05-0bd7-4660-80c4-5ec4cbd8b41e,0.9443231,8.24376,2.937181E-06,0,1.974977,1.675023,0.11455,2.024988,1.725012,0.08959022
1594626774975,c135bb05-0bd7-4660-80c4-5ec4cbd8b41e,0.9443231,8.24376,2.937181E-06,0,1.974977,1.675023,0.11455,2.024988,1.725012,0.08959022
1594626774998,c135bb05-0bd7-4660-80c4-5ec4cbd8b41e,0.9443231,8.24376,2.937181E-06,0,1.974977,1.675023,0.11455,2.024988,1.725012,0.08959022
1594626775022,c135bb05-0bd7-4660-80c4-5ec4cbd8b41e,0.9443231,8.24376,2.937181E-06,0,1.974977,1.675023,0.11455,2.024988,1.725012,0.08959022
1594626775046,c135bb05-0bd7-4660-80c4-5ec4cbd8b41e,0.9443231,8.24376,2.937181E-06,0,1.974977,1.675023,0.11455,2.024988,1.725012,0.08959022
1594626775071,c135bb05-0bd7-4660-80c4-5ec4cbd8b41e,0.9443231,8.24376,2.937181E-06,0,1.974977,1.675023,0.11455,2.024988,1.725012,0.08959022
1594626775094,c135bb05-0bd7-4660-80c4-5ec4cbd8b41e,0.9443231,8.24376,2.937181E-06,0,1.974977,1.675023,0.11455,2.024988,1.725012,0.08959022
1594626775118,c135bb05-0bd7-4660-80c4-5ec4cbd8b41e,0.9443231,8.24376,2.937181E-06,0,1.974977,1.675023,0.11455,2.024988,1.725012,0.08959022
1594626775142,c135bb05-0bd7-4660-80c4-5ec4cbd8b41e,0.9443231,8.24376,2.937181E-06,0,1.974977,1.675023,0.11455,2.024988,1.725012,0.08959022
1594626775166,c135bb05-0bd7-4660-80c4-5ec4cbd8b41e,0.9443231,8.24376,2.937181E-06,0,1.974977,1.675023,0.11455,2.024988,1.725012,0.08959022
1594626775193,c135bb05-0bd7-4660-80c4-5ec4cbd8b41e,0.9443231,8.24376,2.937181E-06,0,1.974976,1.675024,0.11455,2.024988,1.725012,0.08959022
1594626775217,c135bb05-0bd7-4660-80c4-5ec4cbd8b41e,0.9443231,8.24376,2.937181E-06,0,1.974976,1.675024,0.11455,2.024988,1.725012,0.08959022
1594626775242,c135bb05-0bd7-4660-80c4-5ec4cbd8b41e,0.9443231,8.24376,2.937181E-06,0,1.974976,1.675024,0.11455,2.024988,1.725012,0.08959022
1594626775265,c135bb05-0bd7-4660-80c4-5ec4cbd8b41e,0.9443231,8.24376,2.937181E-06,0,1.974976,1.675024,0.11455,2.024988,1.725012,0.08959022
1594626775287,c135bb05-0bd7-4660-80c4-5ec4cbd8b41e,0.9443231,8.24376,2.937181E-06,0,1.974976,1.675024,0.11455,2.024988,1.725012,0.08959022
1594626775311,c135bb05-0bd7-4660-80c4-5ec4cbd8b41e,0.9443231,8.24376,2.937181E-06,0,1.974976,1.675024,0.11455,2.024988,1.725012,0.08959022
1594626775336,c135bb05-0bd7-4660-80c4-5ec4cbd8b41e,0.9443231,8.24376,2.937181E-06,0,1.974976,1.675024,0.11455,2.024988,1.725012,0.08959022
1594626775360,c135bb05-0bd7-4660-80c4-5ec4cbd8b41e,0.9443231,8.24376,2.937181E-06,0,1.974976,1.675024,0.11455,2.024988,1.725012,0.08959022
1594626775384,c135bb05-0bd7-4660-80c4-5ec4cbd8b41e,0.9443231,8.24376,2.937181E-06,0,1.974976,1.675024,0.11455,2.024988,1.725012,0.08959022
1594626775408,c135bb05-0bd7-4660-80c4-5ec4cbd8b41e,0.9443231,8.24376,2.937181E-06,0,1.974976,1.675024,0.11455,2.024988,1.725012,0.08959022
1594626775432,c135bb05-0bd7-4660-80c4-5ec4cbd8b41e,0.9443231,8.24376,2.937181E-06,0,1.974976,1.675024,0.11455,2.024988,1.725012,0.08959022
1594626775455,c135bb05-0bd7-4660-80c4-5ec4cbd8b41e,0.9443231,8.24376,2.937181E-06,0,1.974976,1.675024,0.11455,2.024988,1.725012,0.08959022
1594626775479,c135bb05-0bd7-4660-80c4-5ec4cbd8b41e,0.9443231,8.24376,2.937181E-06,0,1.974976,1.675024,0.11455,2.024988,1.725012,0.08959022
1594626775502,c135bb05-0bd7-4660-80c4-5ec4cbd8b41e,0.9443231,8.24376,2.937181E-06,0,1.974976,1.675024,0.11455,2.024988,1.725012,0.08959022
1594626775525,c135bb05-0bd7-4660-80c4-5ec4cbd8b41e,0.9443231,8.24376,2.937181E-06,0,1.974976,1.675024,0.11455,2.024988,1.725012,0.08959022
1594626775548,c135bb05-0bd7-4660-80c4-5ec4cbd8b41e,0.9443231,8.24376,2.937181E-06,0,1.974976,1.675024,0.11455,2.024988,1.725012,0.08959022
1594626775571,c135bb05-0bd7-4660-80c4-5ec4cbd8b41e,0.9443231,8.24376,2.937181E-06,0,1.974976,1.675024,0.11455,2.024988,1.725012,0.08959022
1594626775595,c135bb05-0bd7-4660-80c4-5ec4cbd8b41e,0.9443231,8.24376,2.937181E-06,0,1.974975,1.675025,0.11455,2.024988,1.725012,0.08959022
1594626775617,c135bb05-0bd7-4660-80c4-5ec4cbd8b41e,0.9443231,8.24376,2.937181E-06,0,1.974975,1.675025,0.11455,2.024988,1.725012,0.08959022
1594626775642,c135bb05-0bd7-4660-80c4-5ec4cbd8b41e,0.9443231,8.24376,2.937181E-06,0,1.974975,1.675025,0.11455,2.024988,1.725012,0.08959022
1594626775666,c135bb05-0bd7-4660-80c4-5ec4cbd8b41e,0.9443231,8.24376,2.937181E-06,0,1.974975,1.675025,0.11455,2.024988,1.725012,0.08959022
1594626775691,c135bb05-0bd7-4660-80c4-5ec4cbd8b41e,0.9443231,8.24376,2.937181E-06,0,1.974975,1.675025,0.11455,2.024988,1.725012,0.08959022
1594626775714,c135bb05-0bd7-4660-80c4-5ec4cbd8b41e,0.9443231,8.24376,2.937181E-06,0,1.974975,1.675025,0.11455,2.024988,1.725012,0.08959022
1594626775737,c135bb05-0bd7-4660-80c4-5ec4cbd8b41e,0.9443231,8.24376,2.937181E-06,0,1.974975,1.675025,0.11455,2.024988,1.725012,0.08959022
1594626775760,c135bb05-0bd7-4660-80c4-5ec4cbd8b41e,0.9443231,8.24376,2.937181E-06,0,1.974975,1.675025,0.11455,2.024988,1.725012,0.08959022
1594626775783,c135bb05-0bd7-4660-80c4-5ec4cbd8b41e,0.9443231,8.24376,2.937181E-06,0,1.974975,1.675025,0.11455,2.024988,1.725012,0.08959022
1594626775806,c135bb05-0bd7-4660-80c4-5ec4cbd8b41e,0.9443231,8.24376,2.937181E-06,0,1.974975,1.675025,0.11455,2.024988,1.725012,0.08959022
1594626775829,c135bb05-0bd7-4660-80c4-5ec4cbd8b41e,0.9443231,8.24376,2.937181E-06,0,1.974975,1.675025,0.11455,2.024988,1.725012,0.08959022
1594626775852,c135bb05-0bd7-4660-80c4-5ec4cbd8b41e,0.9443231,8.24376,2.937181E-06,0,1.974975,1.675025,0.11455,2.024988,1.725012,0.08959022
1594626775876,c135bb05-0bd7-4660-80c4-5ec4cbd8b41e,0.9443231,8.24376,2.937181E-06,0,1.974975,1.675025,0.11455,2.024988,1.725012,0.08959022
1594626775899,c135bb05-0bd7-4660-80c4-5ec4cbd8b41e,0.9443231,8.24376,2.937181E-06,0,1.974975,1.675025,0.11455,2.024988,1.725012,0.08959022
1594626775923,c135bb05-0bd7-4660-80c4-5ec4cbd8b41e,0.9443231,8.24376,2.937181E-06,0,1.974975,1.675025,0.11455,2.024988,1.725012,0.08959022
1594626775946,c135bb05-0bd7-4660-80c4-5ec4cbd8b41e,0.9443231,8.24376,2.937181E-06,0,1.974975,1.675025,0.11455,2.024988,1.725012,0.08959022
1594626775970,c135bb05-0bd7-4660-80c4-5ec4cbd8b41e,0.9443231,8.24376,2.937181E-06,0,1.974975,1.675025,0.11455,2.024988,1.725012,0.08959022
1594626775995,c135bb05-0bd7-4660-80c4-5ec4cbd8b41e,0.9443231,8.24376,2.937181E-06,0,1.974975,1.675025,0.11455,2.024988,1.725012,0.08959022
1594626776019,c135bb05-0bd7-4660-80c4-5ec4cbd8b41e,0.9443231,8.24376,2.937181E-06,0,1.974975,1.675025,0.11455,2.024988,1.725012,0.08959022
1594626776042,c135bb05-0bd7-4660-80c4-5ec4cbd8b41e,0.9443231,8.24376,2.937181E-06,0,1.974974,1.675026,0.11455,2.024988,1.725012,0.08959022
1594626776064,c135bb05-0bd7-4660-80c4-5ec4cbd8b41e,0.9443231,8.24376,2.937181E-06,0,1.974974,1.675026,0.11455,2.024988,1.725012,0.08959022
1594626776087,c135bb05-0bd7-4660-80c4-5ec4cbd8b41e,0.9443231,8.24376,2.937181E-06,0,1.974974,1.675026,0.11455,2.024988,1.725012,0.08959022
1594626776111,c135bb05-0bd7-4660-80c4-5ec4cbd8b41e,0.9443231,8.24376,2.937181E-06,0,1.974974,1.675026,0.11455,2.024988,1.725012,0.08959022
1594626776134,c135bb05-0bd7-4660-80c4-5ec4cbd8b41e,0.9443231,8.24376,2.937181E-06,0,1.974974,1.675026,0.11455,2.024988,1.725012,0.08959022
1594626776158,c135bb05-0bd7-4660-80c4-5ec4cbd8b41e,0.9443231,8.24376,2.937181E-06,0,1.974974,1.675026,0.11455,2.024988,1.725012,0.08959022
1594626776181,c135bb05-0bd7-4660-80c4-5ec4cbd8b41e,0.9443231,8.24376,2.937181E-06,0,1.974974,1.675026,0.11455,2.024988,1.725012,0.08959022
1594626776205,c135bb05-0bd7-4660-80c4-5ec4cbd8b41e,0.9443231,8.24376,2.937181E-06,0,1.974974,1.675026,0.11455,2.024988,1.725012,0.08959022
1594626776228,c135bb05-0bd7-4660-80c4-5ec4cbd8b41e,0.9443231,8.24376,2.937181E-06,0,1.974974,1.675026,0.11455,2.024988,1.725012,0.08959022
1594626776252,c135bb05-0bd7-4660-80c4-5ec4cbd8b41e,0.9443231,8.24376,2.937181E-06,0,1.974974,1.675026,0.11455,2.024988,1.725012,0.08959022
1594626776275,c135bb05-0bd7-4660-80c4-5ec4cbd8b41e,0.9443231,8.24376,2.937181E-06,0,1.974974,1.675026,0.11455,2.024988,1.725012,0.08959022
1594626776298,c135bb05-0bd7-4660-80c4-5ec4cbd8b41e,0.9443231,8.24376,2.937181E-06,0,1.974974,1.675026,0.11455,2.024988,1.725012,0.08959022
1594626776320,c135bb05-0bd7-4660-80c4-5ec4cbd8b41e,0.9443231,8.24376,2.937181E-06,0,1.974974,1.675026,0.11455,2.024988,1.725012,0.08959022
1594626776344,c135bb05-0bd7-4660-80c4-5ec4cbd8b41e,0.9443231,8.24376,2.937181E-06,0,1.974974,1.675026,0.11455,2.024988,1.725012,0.08959022
1594626776367,c135bb05-0bd7-4660-80c4-5ec4cbd8b41e,0.9443231,8.24376,2.937181E-06,0,1.974974,1.675026,0.11455,2.024988,1.725012,0.08959022
1594626776391,c135bb05-0bd7-4660-80c4-5ec4cbd8b41e,0.9443231,8.24376,2.937181E-06,0,1.974974,1.675026,0.11455,2.024988,1.725012,0.08959022
1594626776414,c135bb05-0bd7-4660-80c4-5ec4cbd8b41e,0.9443231,8.24376,2.937181E-06,0,1.974974,1.675027,0.11455,2.024988,1.725012,0.08959022
1594626776436,c135bb05-0bd7-4660-80c4-5ec4cbd8b41e,0.9443231,8.24376,2.937181E-06,0,1.974973,1.675027,0.11455,2.024988,1.725012,0.08959022
1594626776459,c135bb05-0bd7-4660-80c4-5ec4cbd8b41e,0.9443231,8.24376,2.937181E-06,0,1.974973,1.675027,0.11455,2.024988,1.725012,0.08959022
1594626776482,c135bb05-0bd7-4660-80c4-5ec4cbd8b41e,0.9443231,8.24376,2.937181E-06,0,1.974973,1.675027,0.11455,2.024988,1.725012,0.08959022
1594626776507,c135bb05-0bd7-4660-80c4-5ec4cbd8b41e,0.9443231,8.24376,2.937181E-06,0,1.974973,1.675027,0.11455,2.024988,1.725012,0.08959022
1594626776530,c135bb05-0bd7-4660-80c4-5ec4cbd8b41e,0.9443231,8.24376,2.937181E-06,0,1.974973,1.675027,0.11455,2.024988,1.725012,0.08959022
1594626776555,c135bb05-0bd7-4660-80c4-5ec4cbd8b41e,0.9443231,8.24376,2.937181E-06,0,1.974973,1.675027,0.11455,2.024988,1.725012,0.08959022
1594626776579,c135bb05-0bd7-4660-80c4-5ec4cbd8b41e,0.9443231,8.24376,2.937181E-06,0,1.974973,1.675027,0.11455,2.024988,1.725012,0.08959022
1594626776603,c135bb05-0bd7-4660-80c4-5ec4cbd8b41e,0.9443231,8.24376,2.937181E-06,0,1.974973,1.675027,0.11455,2.024988,1.725012,0.08959022
1594626776627,c135bb05-0bd7-4660-80c4-5ec4cbd8b41e,0.9443231,8.24376,2.937181E-06,0,1.974973,1.675027,0.11455,2.024988,1.725012,0.08959022
1594626776650,c135bb05-0bd7-4660-80c4-5ec4cbd8b41e,0.9443231,8.24376,2.937181E-06,0,1.974973,1.675027,0.11455,2.024988,1.725012,0.08959022
1594626776674,c135bb05-0bd7-4660-80c4-5ec4cbd8b41e,0.9443231,8.24376,2.937181E-06,0,1.974973,1.675027,0.11455,2.024988,1.725012,0.08959022
1594626776697,c135bb05-0bd7-4660-80c4-5ec4cbd8b41e,0.9443231,8.24376,2.937181E-06,0,1.974973,1.675027,0.11455,2.024988,1.725012,0.08959022
1594626776721,c135bb05-0bd7-4660-80c4-5ec4cbd8b41e,0.9443231,8.24376,2.937181E-06,0,1.974973,1.675027,0.11455,2.024988,1.725012,0.08959022
1594626776744,c135bb05-0bd7-4660-80c4-5ec4cbd8b41e,0.9443231,8.24376,2.937181E-06,0,1.974973,1.675027,0.11455,2.024988,1.725012,0.08959022
1594626776767,c135bb05-0bd7-4660-80c4-5ec4cbd8b41e,0.9443231,8.24376,2.937181E-06,0,1.974973,1.675027,0.11455,2.024988,1.725012,0.08959022
1594626776790,c135bb05-0bd7-4660-80c4-5ec4cbd8b41e,0.9443231,8.24376,2.937181E-06,0,1.974973,1.675027,0.11455,2.024988,1.725012,0.08959022
1594626776813,c135bb05-0bd7-4660-80c4-5ec4cbd8b41e,0.9443231,8.24376,2.937181E-06,0,1.974972,1.675027,0.11455,2.024988,1.725012,0.08959022
1594626776836,c135bb05-0bd7-4660-80c4-5ec4cbd8b41e,0.9443231,8.24376,2.937181E-06,0,1.974972,1.675028,0.11455,2.024988,1.725012,0.08959022
1594626776860,c135bb05-0bd7-4660-80c4-5ec4cbd8b41e,0.9443231,8.24376,2.937181E-06,0,1.974972,1.675028,0.11455,2.024988,1.725012,0.08959022
1594626776883,c135bb05-0bd7-4660-80c4-5ec4cbd8b41e,0.9443231,8.24376,2.937181E-06,0,1.974972,1.675028,0.11455,2.024988,1.725012,0.08959022
1594626776906,c135bb05-0bd7-4660-80c4-5ec4cbd8b41e,0.9443231,8.24376,2.937181E-06,0,1.974972,1.675028,0.11455,2.024988,1.725012,0.08959022
1594626776930,c135bb05-0bd7-4660-80c4-5ec4cbd8b41e,0.9443231,8.24376,2.937181E-06,0,1.974972,1.675028,0.11455,2.024988,1.725012,0.08959022
1594626776953,c135bb05-0bd7-4660-80c4-5ec4cbd8b41e,0.9443231,8.24376,2.937181E-06,0,1.974972,1.675028,0.11455,2.024988,1.725012,0.08959022
1594626776978,c135bb05-0bd7-4660-80c4-5ec4cbd8b41e,0.9443231,8.24376,2.937181E-06,0,1.974972,1.675028,0.11455,2.024988,1.725012,0.08959022
1594626777000,c135bb05-0bd7-4660-80c4-5ec4cbd8b41e,0.9443231,8.24376,2.937181E-06,0,1.974972,1.675028,0.11455,2.024988,1.725012,0.08959022
1594626777025,c135bb05-0bd7-4660-80c4-5ec4cbd8b41e,0.9443231,8.24376,2.937181E-06,0,1.974972,1.675028,0.11455,2.024988,1.725012,0.08959022
1594626777048,c135bb05-0bd7-4660-80c4-5ec4cbd8b41e,0.9443231,8.24376,2.937181E-06,0,1.974972,1.675028,0.11455,2.024988,1.725012,0.08959022
1594626777071,c135bb05-0bd7-4660-80c4-5ec4cbd8b41e,0.9443231,8.24376,2.937181E-06,0,1.974972,1.675028,0.11455,2.024988,1.725012,0.08959022
1594626777095,c135bb05-0bd7-4660-80c4-5ec4cbd8b41e,0.9443231,8.24376,2.937181E-06,0,1.974972,1.675028,0.11455,2.024988,1.725012,0.08959022
1594626777119,c135bb05-0bd7-4660-80c4-5ec4cbd8b41e,0.9443231,8.24376,2.937181E-06,0,1.974972,1.675028,0.11455,2.024988,1.725012,0.08959022
1594626777142,c135bb05-0bd7-4660-80c4-5ec4cbd8b41e,0.9443231,8.24376,2.937181E-06,0,1.974972,1.675028,0.11455,2.024988,1.725012,0.08959022
1594626777165,c135bb05-0bd7-4660-80c4-5ec4cbd8b41e,0.9443231,8.24376,2.937181E-06,0,1.974972,1.675028,0.11455,2.024988,1.725012,0.08959022
1594626777188,c135bb05-0bd7-4660-80c4-5ec4cbd8b41e,0.9443231,8.24376,2.937181E-06,0,1.974972,1.675028,0.11455,2.024988,1.725012,0.08959022
1594626777212,c135bb05-0bd7-4660-80c4-5ec4cbd8b41e,0.9443231,8.24376,2.937181E-06,0,1.974972,1.675028,0.11455,2.024988,1.725012,0.08959022
1594626777237,c135bb05-0bd7-4660-80c4-5ec4cbd8b41e,0.9443231,8.24376,2.937181E-06,0,1.974972,1.675029,0.11455,2.024988,1.725012,0.08959022
1594626777260,c135bb05-0bd7-4660-80c4-5ec4cbd8b41e,0.9443231,8.24376,2.937181E-06,0,1.974971,1.675029,0.11455,2.024988,1.725012,0.08959022
1594626777283,c135bb05-0bd7-4660-80c4-5ec4cbd8b41e,0.9443231,8.24376,2.937181E-06,0,1.974971,1.675029,0.11455,2.024988,1.725012,0.08959022
